Name,ID_1,ID_2,ID_3,ID_4,ID_5,ID_6,ID_7,ID_8,ID_9,ID_10,ID_11,ID_12,ID_13,ID_14,ID_15,ID_16,ID_17,ID_18,ID_19,ID_20,ID_21,ID_22
포즈_1,1956,1700,1374,1835,2042,2116,2586,2459,1756,2046,1989,2165,1886,1634,2126,2044,2009,2600,2083,2075,2127,1984
대칭자세,2088,1847,1467,1900,2066,2052,2276,2484,1797,2030,2047,2005,2060,1931,2050,2016,2022,2139,2056,2089,2058,1857
기본자세,2082,1440,2187,2242,2082,2056,2682,1764,1456,2018,2069,2108,2042,1630,999,1957,2088,2439,3108,2149,1993,1964
공줍기 1,2099,780,3006,2412,2092,2049,3390,949,1343,1990,2045,2106,2064,1631,1001,1959,2089,2438,3105,2148,1993,1963
공줍기 2,2100,784,3023,2405,2100,2046,3397,943,1347,1989,2051,2078,2059,1631,1005,1694,2093,2437,3101,2417,1948,1963
공줍기3,2100,784,3023,2405,2100,2046,3397,943,1347,1989,2051,1209,2059,1023,1764,1793,2081,2437,3101,2417,1948,1963
공줍기4,2116,560,3245,2433,2126,2007,3559,729,1269,1999,2074,1210,2051,1023,1767,1796,2082,2437,3099,2414,1946,1964
공줍기 5,2115,561,3246,2433,2128,2006,3559,728,1269,2001,2075,1205,2051,1458,1931,1826,2033,2437,3097,2410,1946,1964
공줍기 6,2115,562,3246,2435,2130,2008,3560,728,1269,2003,2077,1208,2052,1446,895,1683,2149,2437,3093,2404,1944,1964
공줍기 7,2115,562,3247,2431,2130,2006,3559,727,1270,2002,2077,2123,2052,1444,897,1690,2151,2437,3091,2401,1944,1964
공줍기 8,2086,1447,2201,2238,2081,2053,2684,1750,1456,2021,2067,2106,2039,1500,1003,1959,2092,2438,3098,2148,1989,1963
기본자세2,2075,1372,2200,2227,2054,2067,2753,1751,1464,2041,2045,2109,2059,1628,1004,1958,2091,2438,3101,2148,1991,1964
기본자세 3,2075,1372,2225,2223,2054,2069,2753,1729,1465,2043,2045,2110,2058,1513,1007,1960,2093,2438,3093,2148,1989,1963
공줍기 허리 덜 돌린버전 3,2103,781,3042,2398,2090,2045,3401,913,1350,1995,2050,1847,2064,1635,1007,1703,2097,2436,3093,2409,1949,1962
공줍기 허리 덜 돌 4,2125,563,3097,2358,2079,2049,3566,795,1289,1987,2046,1849,2071,1522,1855,1915,1889,2436,3086,2405,1948,1961
공줍기 허리 5,2084,554,3219,2342,2077,2002,3539,728,1294,1976,2054,1849,2076,1522,697,1969,1499,2436,3086,2405,1948,1961
공줍기 허리 6,2082,555,3227,2343,2078,2000,3535,726,1297,1974,2056,1851,2079,1273,699,1970,1501,2436,3084,2401,1946,1961
오른발들기1,2025,1522,1951,2151,2051,2023,2433,1729,1216,1989,2032,2110,2051,1513,1007,1960,2093,2438,3093,2148,1989,1963
오른발놓기1,2006,1447,2024,2067,2007,1989,2537,1964,1503,1970,2048,2110,1998,1513,1007,1960,2093,2438,3093,2148,1989,1963
대칭 확인용,2074,1372,2217,2221,2050,2067,2752,1736,1473,2044,2052,2109,2049,1512,2072,1980,2087,2437,3084,2146,1990,1963
포즈_1_대칭,2073,1371,2215,2224,2052,2066,2751,1734,1476,2046,2058,1901,2055,1633,1022,1959,2090,2558,2034,2125,1993,1751
포즈확인용대칭,2073,1371,2215,2224,2052,2066,2751,1734,1476,2046,2058,2109,2055,1633,1022,1959,2090,2558,2034,2125,1993,1963
왼발들기,2117,1690,2222,2481,2107,2115,2601,2000,1546,2045,2056,2110,2075,1632,1013,1957,2091,2557,3099,2145,1987,1963
왼발놓기1,2151,1586,1987,2194,2126,2134,2676,1927,1630,2089,2109,2110,2059,1632,1013,1957,2091,2557,3099,2145,1987,1963
왼발놓기 11,2140,1710,1966,2260,2115,2024,2655,1898,1570,2012,2086,2108,2058,1629,1016,1959,2094,2556,3093,2144,1984,1963
왼발들기 11,2112,1684,2148,2344,2080,2046,2574,1964,1548,2044,2038,2111,2044,1628,1016,1956,2093,2556,3088,2143,1985,1965
왼발놓기 12,2136,1578,2067,2273,2109,2042,2746,1841,1568,2015,2070,2108,2057,1629,1016,1959,2094,2556,3093,2144,1984,1963
오른발 후 중간 모션 111 ,2001,1508,1970,2112,1999,1987,2444,2052,1495,1972,2043,2110,2004,1513,1007,1960,2093,2438,3093,2148,1989,1963
오른발 중간포즈 2222222,2000,1438,2008,2068,1998,1991,2576,1969,1507,1975,2039,2110,2024,1513,1007,1960,2093,2438,3093,2148,1989,1963
왼발 뉴 왼발,2004,1505,2157,2266,1995,2052,2590,1886,1498,1966,2044,2109,2018,1514,1011,1962,2095,2437,3089,2148,1986,1962
왼발 뉴 왼발 2,2051,1637,1902,2198,2003,2028,2592,1953,1504,1967,2040,2109,1998,1514,1011,1962,2095,2437,3089,2148,1986,1962
왼발 뉴 왼발 뉴 1,2007,1536,2181,2356,2000,2037,2552,1978,1496,1961,2040,2111,2038,1512,1012,1962,2094,2437,3086,2148,1987,1962
왼발 뉴 왼발 뉴 2,2048,1556,2075,2275,2008,1993,2687,1849,1499,1954,2037,2109,2049,1512,1014,1964,2097,2437,3083,2147,1985,1962
초심 왼발 앞 준비,2084,1430,2200,2306,2068,2007,2764,1781,1462,1974,2019,2107,2035,1512,1014,1962,2095,2436,3083,2146,1988,1962
오르발 들기 22222,2058,1469,2096,2323,2075,2035,2560,1764,1269,2017,2016,2107,2054,1512,1014,1962,2095,2436,3083,2146,1988,1962
오른발 222222222222,2096,1271,2299,2268,2110,2008,2604,1756,1268,2014,2005,2106,2006,1512,1018,1964,2098,2435,3076,2144,1986,1963
오른발 후 33,2089,1301,2247,2210,2090,2019,2563,1783,1278,1998,1994,2106,1996,1512,1018,1964,2098,2435,3076,2144,1986,1963
왼발 3333333,2089,1525,2325,2536,2068,2048,2603,1782,1318,1978,1985,2106,1995,1512,1018,1964,2098,2435,3076,2144,1986,1963
왼발 444444,2115,1533,2203,2402,2075,2047,2746,1668,1346,1993,2000,2108,2011,1512,1021,1966,2100,2434,3073,2144,1984,1962
오른발 들기 수정본,2002,1441,2113,2328,2063,2034,2631,1665,1198,2017,2022,2111,2060,1513,1020,1964,2094,2435,3074,2145,1990,1961
초심 2,2102,1517,2160,2374,2077,2045,2706,1775,1380,2005,2012,2110,2015,1512,1025,1967,2102,2433,3069,2143,1983,1961
오른발 딛기 222222 ,2088,1212,2314,2159,2076,2026,2658,1642,1272,2011,2004,2107,2034,1513,1026,1965,2100,2434,3069,2144,1984,1962
ㅇㄼㄷㄱ,2058,1484,2128,2323,2064,2036,2562,1764,1273,2016,2016,2101,2055,1512,1018,1963,1919,2436,3083,2147,1985,1962
ㅇㅂㅈㄷㄱ,2089,1523,2319,2528,2062,2045,2590,1751,1315,1989,1986,2112,2000,1512,1021,1966,2099,2435,3072,2147,2121,1962
넘기1,1893,1378,2485,2547,1998,1800,2859,1191,899,1818,2085,2110,2080,1513,1007,1960,2093,2438,3093,2148,1989,1963
걷기22222222,2078,1370,2542,2769,2057,2147,2645,1777,1342,2026,2034,2110,2060,1513,1007,1960,2093,2438,3093,2148,1989,1963
넘기 333,2112,2346,1104,2090,2050,2144,2968,1691,1733,1987,2190,2110,2165,1513,1007,1960,2093,2438,3093,2148,1989,1963
포즈_48,2073,1003,2802,2437,2057,2185,2755,1709,1469,2056,2042,2113,2059,1513,1007,1960,2093,2437,3084,2149,1986,1962
포즈_49,2168,1415,2152,2180,2040,2138,2832,1623,1470,2006,2053,2113,2073,1513,1012,1964,2097,2437,3084,2149,1986,1961
허들111111,2170,1115,2638,2325,2208,2167,2993,1353,1397,2177,2078,2108,2089,1514,1015,1961,2097,2437,3089,2146,1987,1964
포즈_51,2048,2048,2048,2048,2048,2048,2048,2048,2048,2048,2048,2048,2048,2048,2048,2048,2048,2048,2048,2048,2048,2048
분리댄스,2107,1288,2542,2448,2138,2118,2808,1470,1285,2135,2070,2110,2081,1513,1007,1960,2093,2438,3093,2148,1989,1963
포즈_53,2107,1337,2880,2803,2138,2193,2799,1417,1192,2163,2039,2112,2079,1514,2011,1050,2093,2437,3087,2148,1987,1964
포즈_54,2107,1335,2871,2796,2138,2185,2789,1417,1192,2182,2039,2112,2081,1515,1023,1958,2097,2437,3083,2146,1987,1965
포즈_ 분립댄스,2128,1244,2485,2350,2145,2091,2886,1522,1399,2102,2077,2117,2065,1514,1017,1962,2095,2437,3084,2144,1987,1964
포즈_56,2131,1135,2995,2749,2229,2163,2884,1493,1403,2116,2054,2117,2068,1514,1021,1963,2098,2436,2130,3043,1985,1965
포즈_57,2155,1341,2259,2205,2148,2133,2790,1696,1399,2106,2117,2109,2115,1515,1025,1964,2099,2436,3080,2146,1984,1965
최종분리,2234,1525,2156,2437,2305,2224,2531,1942,1336,2281,2082,2117,2082,1514,1017,1962,2095,2438,2047,3059,1990,1964
포즈_59,2233,1526,2511,2798,2307,2234,2523,1942,1328,2297,2072,2119,2077,1514,1020,1962,2097,2439,2047,3044,1990,1965
포즈_60,2232,1059,2982,2794,2316,2239,2503,1907,1324,2315,2069,2120,2076,1514,1021,1960,2097,2439,2049,3035,1992,1965
포즈_61,2232,1058,2972,2791,2324,2239,2487,1877,1329,2330,2066,2117,2075,1514,1024,1960,2099,2440,2050,3035,1994,1965
마무리;,2225,1059,2982,2794,2316,2239,2503,1907,1324,2315,2069,2120,2076,1514,1021,1960,2097,2439,2049,3035,1992,1965
포즈_63333,1849,1059,2982,2794,2316,2239,2503,1907,1324,2315,2069,2120,2076,1514,1021,1960,2097,2439,2049,3035,1992,1965
첫발음,2371,1406,2645,2794,2451,2203,2633,1964,1577,2284,2116,2120,2112,1514,1021,1960,2097,2439,2049,3035,1992,1965
가자,2369,1404,2643,2789,2441,2197,2635,1964,1578,2329,2107,2116,2109,1514,1024,1960,2097,2440,2050,3018,1992,1966
포즈_66,2369,1404,2643,2789,2441,2197,2635,1964,1578,2329,2107,2117,2109,1515,1024,1958,2099,2440,2051,2606,1992,1966
포즈_67,2369,1404,2645,2789,2441,2198,2633,1964,1582,2281,2107,2116,2110,1514,1023,1960,2097,2440,2048,3025,1994,1966
넘기22222222,1802,1526,2511,2798,2307,2234,2523,1942,1328,2297,2072,2119,2077,1514,1020,1962,2097,2439,2047,3044,1990,1965
포즈_69,2229,1775,2308,2716,2226,2179,2772,1891,1727,2106,2142,2122,2122,1515,1026,1962,2100,2438,2049,3017,1994,1964
포즈_70,2232,2080,1659,2304,2232,2115,2838,2267,2133,2165,2175,2124,2106,1516,1033,1960,2099,2439,2052,2995,1997,1965
넘어가기,2167,2086,1682,2371,2229,2110,2878,2126,2016,2164,2184,2122,2099,1515,1036,1959,2101,2438,3069,2144,1994,1966
포즈_72,2160,1667,2350,2634,2214,2102,2956,2255,2228,2137,2199,2119,2101,1517,1045,1962,2103,2436,3061,2143,1993,1967
포즈_73,2060,1820,1937,2443,2073,2106,2842,2110,1881,2089,2144,2118,2021,1518,1053,1964,2104,2435,3054,2142,1991,1966
넘어가ㅣ기2,2156,1714,2148,2461,2217,2110,2878,2126,2016,2164,2195,2122,2099,1515,1036,1959,2101,2438,3069,2144,1994,1966
포즈_75,2150,1602,2328,2576,2216,2104,3018,1785,1768,2148,2198,2113,2089,1514,1045,1959,2104,2437,3061,2142,1989,1967
69 다음,2228,2023,1769,2506,2213,2168,2782,1875,1570,2120,2153,2125,2119,1515,1034,1964,2101,2439,2051,2998,1996,1965
착지 333333,2037,1388,2514,2477,2085,2013,3039,2001,2091,2063,2098,2124,2050,1517,1045,1960,2104,2437,3061,2143,1991,1966
69다~음,2224,1642,2341,2598,2159,2068,2994,1735,1758,2076,2193,2122,2129,1515,1026,1962,2100,2438,2049,3017,1994,1964
연우1,1956,1283,2492,2351,1996,1998,2846,2453,2337,2024,2096,2124,2053,1517,1045,1960,2104,2437,3061,2143,1991,1966
연우2,1998,1373,2482,2524,1991,2048,3073,1967,1998,2021,2108,2125,2058,1516,1049,1961,2105,2436,3058,2142,1989,1965
연우3,1885,1385,2457,2476,1866,1948,3080,1974,2041,1909,2092,2127,2029,1516,1053,1963,2106,2435,3056,2143,1986,1964
연우4,1883,1387,2460,2567,1856,1948,3087,1973,1987,1908,2098,2129,2030,1515,1056,1965,2107,2434,3054,2144,1984,1963
연우5,1883,1387,2460,2567,1856,1964,3388,915,1839,1916,2098,2129,2007,1515,1056,1965,2107,2434,3054,2144,1984,1963
연우6,1937,1643,1819,2137,1918,1964,3388,915,1839,1916,2100,2129,2007,1515,2032,1043,2107,2434,3054,2144,1984,1963
연우7,1936,1648,1823,2141,1913,1927,2987,1103,1066,1864,2099,2122,2065,1517,2030,1055,2105,2433,3050,2145,1983,1964
연우8,1992,1559,2076,2199,1958,1973,2577,1883,1521,1923,2103,2122,2060,1516,2029,1963,2104,2432,2076,2144,1984,1963
솔희1,1881,1486,2270,2390,1870,1922,2848,2294,2136,1892,2094,2126,2030,1516,2024,1119,2105,2436,3049,2141,1982,1964
포즈_88,1888,1480,2265,2432,1861,1941,2867,2273,2087,1891,2106,2129,2043,1517,1055,1965,2107,2435,3051,2141,1985,1963
포즈_89,1945,1374,2482,2498,1978,1996,3012,2066,2056,2014,2105,2122,2060,1517,2037,1183,2104,2436,3048,2139,1986,1967
포즈_90,1957,1576,2192,2443,1976,2006,2816,2267,2035,2011,2111,2120,2065,1517,2035,1208,2102,2436,3046,2138,1987,1968
포즈_91,1991,1788,1862,2465,1978,1996,2709,2297,1817,1976,2098,2120,2076,1518,2035,1202,2101,2435,3045,2138,1988,1968
포즈_92,1920,1384,2206,2339,1963,2019,2805,2297,2077,1942,2139,2127,2080,1518,2033,1213,2099,2434,3041,2137,1994,1968
연우11,1968,1619,2023,2242,1960,2062,2421,1994,1928,2020,2058,2120,2045,1518,2035,1202,2101,2435,3045,2138,1988,1968
연우 12,1925,1640,1786,2062,2019,2070,2236,1932,1835,2046,2035,2122,2041,1516,2034,1213,2099,2433,3045,2135,1985,1969
연우 333333,1925,1640,1786,2062,2019,2070,2237,1932,1835,2046,2035,2122,2044,1516,2034,1213,2099,2433,3045,2135,1985,1969
포즈_96,1913,1651,1805,2125,1997,2069,2240,1937,1830,2048,2039,2124,2046,1518,2033,1222,2097,2434,3042,2133,1982,1970
포즈_97,1902,1664,1823,2286,1982,2071,2243,1943,1824,2048,2045,2121,2048,1517,2031,1230,2094,2435,3038,2131,1984,1970
포즈_98,1887,1660,1844,2446,1965,2070,2245,1949,1813,2048,2053,2115,2052,1517,2031,1230,2095,2435,3036,2128,1986,1972
포즈_99,1891,1674,1847,2440,1964,2070,2246,1949,1813,2052,2065,2125,2051,1517,2029,1717,2095,2435,2170,3075,1987,1973
포즈_100,1883,1679,1860,2449,1948,2069,2556,1158,1190,2004,2077,2128,2042,1517,2027,1720,2093,2436,2175,3053,1989,1974
포즈_101,1877,1684,1869,2322,1930,1955,2660,1443,947,1909,2085,2130,2136,1518,2025,1727,2091,2437,2177,3041,1991,1975
포즈_102,1957,1587,2005,2354,1934,1949,2035,2505,1395,1935,2100,2132,2124,1518,2024,1732,2089,2436,2178,3033,1992,1974
첫발음 보강,2234,1437,2694,2789,2448,2203,2633,1964,1577,2284,2113,2120,2112,1514,1021,1960,2097,2439,2049,3035,1992,1965
들기 12번보강,2233,1526,2511,2798,2307,2234,2523,1942,1328,2192,2072,2119,2077,1514,1020,1962,2097,2439,2047,3044,1990,1965
착지 3 보강,2037,1388,2514,2477,2085,2047,3063,2001,2091,2063,2098,2124,2050,1517,1045,1960,2104,2437,3061,2143,1991,1966
포즈_106,2235,1526,2505,2791,2301,2243,2514,1922,1323,2282,2073,2121,2074,1515,1025,1963,2098,2439,2050,3025,1992,1966
포즈 91 다음 포즈,1991,1788,1862,2465,1978,1961,2862,1550,1288,1975,2098,2120,2149,1518,2035,1202,2101,2435,3045,2138,1988,1968
91 다음 92,1910,1788,1862,2465,1978,1961,2862,1550,1288,1975,2098,2120,2149,1518,2035,1202,2101,2435,3045,2138,1988,1968
포즈_109,1904,1807,1883,2473,1962,1962,2864,1554,1289,1977,2104,2115,2148,1517,2033,1218,2099,2434,3042,2136,1989,1969
포즈_110,1924,1585,2088,2571,1938,1992,3244,1855,1878,1935,2162,2120,2010,1518,2033,1210,2101,2436,3043,2139,1990,1967
포즈_111,1930,1542,2316,2617,1966,1978,2986,1968,1811,1975,2102,2125,2077,1516,2028,1242,2099,2436,3037,2135,1990,1968
포즈_112,1914,1594,2111,2571,1922,1991,3487,1216,1722,1939,2162,2120,1995,1518,2030,1210,2099,2436,3043,2138,1990,1968
포즈_113,1914,1590,2104,2581,1926,1928,3367,1107,927,1858,2170,2116,2035,1517,2030,1227,2099,2436,3035,2137,1992,1969
포즈_114,1919,1601,2133,2581,1906,1991,3270,907,1027,1842,2171,2120,2072,1516,2028,1233,2099,2436,3035,2139,1990,1967
포즈_115,1935,1539,2037,2344,1909,1908,2295,2118,1258,1884,2102,2126,2157,1517,2023,1732,2089,2438,2179,3029,1992,1974
포즈_116,1924,1604,2143,2593,1892,1990,2681,1526,902,1838,2179,2117,2155,1517,2026,1242,2097,2435,3035,2143,1992,1966
포즈_117,1924,1608,2146,2592,1889,1991,2991,1183,903,1770,2183,2117,2050,1517,2026,1242,2099,2436,3033,2141,1990,1967
포즈_118,1922,1611,2151,2487,1890,1992,3451,910,1123,1806,2177,2119,2012,1517,2027,1242,2099,2436,3033,2140,1989,1966
포즈_119,1925,1622,2171,2497,1950,1980,2647,1459,921,1815,2183,2116,2092,1516,2026,1257,2097,2435,3031,2141,1987,1966
포즈_120,1920,1554,2220,2491,1914,1924,2355,1854,1114,1873,2165,2112,2139,1516,2025,1266,2094,2436,3029,2140,1986,1967
포즈_121,1932,1624,2172,2566,1871,1930,3482,742,902,1807,2185,2120,2102,1517,2025,1253,2098,2435,3030,2143,1988,1965
포즈_122,1926,1601,2150,2570,1891,1991,3273,913,1021,1843,2171,2120,2070,1516,2027,1233,2099,2436,3033,2140,1990,1967
포즈_123,1926,1615,2150,2504,1875,1991,3274,918,1025,1842,2171,2122,2069,1517,2026,1242,2099,2436,3033,2140,1990,1967
포즈_124,1926,1611,2166,2506,1874,1991,3255,914,902,1840,2176,2122,2063,1517,2026,1252,2099,2436,3031,2141,1989,1966
포즈_125,1879,1621,2186,2487,1858,1906,2754,1354,969,1792,2179,2123,2081,1517,2026,1260,2099,2435,3029,2140,1989,1966
포즈_126,1949,1475,2367,2522,1945,1906,2418,1759,1117,1816,2070,2117,2081,1517,2025,1272,2099,2435,3027,2143,1988,1965
포즈_127,1923,1607,2150,2566,1892,1991,3224,971,897,1849,2177,2118,2070,1517,2026,1241,2099,2436,3033,2140,1992,1966
포즈_128,1906,1608,2151,2526,1879,1993,3225,976,900,1847,2184,2114,2072,1517,2027,1250,2099,2436,3031,2137,1992,1966
포즈_129,1927,1610,2152,2528,1876,1992,3007,1288,986,1804,2184,2115,2082,1517,2025,1258,2099,2436,3029,2140,1994,1966
포즈_130,1925,1607,2146,2529,1876,1919,2501,1729,1066,1804,2189,2114,2178,1517,2024,1265,2098,2436,3027,2141,1994,1965
포즈_131,2030,1389,2531,2478,2087,2012,3048,1994,2101,2065,2101,2123,2053,1516,1048,1959,2107,2435,2141,2945,1971,1967
포즈_63 보강,1849,1059,2982,2794,2316,2255,2487,1886,1328,2292,2069,2120,2078,1514,1021,1960,2097,2439,2049,3035,1992,1965
포즈_106보강,2235,1525,2500,2784,2297,2254,2504,1905,1316,2235,2074,2124,2067,1516,1028,1964,2099,2438,2052,3015,1994,1965
포즈_134,2077,1373,2217,2219,2050,2068,2752,1734,1471,2038,2043,2112,2056,838,1922,1844,2036,2438,3084,2147,1987,1962
포즈_135,2077,1373,2217,2218,2052,2068,2752,1734,1471,2038,2043,2112,2057,1585,1540,1846,2039,2438,3081,2145,1987,1962
포즈_136,2077,1373,2208,2217,2049,2068,2752,1740,1470,2035,2049,2122,2056,1566,1923,1848,2036,2437,3075,2146,1986,1962
포즈_137,2047,542,3243,2406,2069,2016,3560,736,1312,2021,2063,1436,2067,1142,1946,1799,1912,2938,1988,2410,2156,2167
포즈_138,2047,542,3243,2406,2069,2016,3560,736,1312,2021,2064,1436,2065,1674,1947,1801,1913,2938,1988,2405,2156,2167
포즈_139,2049,542,3244,2403,2073,2013,3559,736,1316,2018,2063,1445,2063,1184,1925,1820,1934,2937,1990,2400,2154,2167
포즈_140,2049,542,3244,2403,2073,2013,3559,736,1316,2018,2064,1445,2063,1184,1825,1822,1936,2937,1990,2396,2153,2168
포즈_141,2049,541,3244,2403,2073,2013,3559,736,1316,2018,2063,1445,2063,1640,1826,1825,1936,2937,1990,2392,2154,2167
포즈_142,2046,540,3247,2401,2070,2011,3559,735,1322,2020,2059,1435,2060,1690,1828,1830,1938,2937,1989,2387,2152,2167
포즈_143,2046,540,3248,2401,2070,2013,3559,735,1319,2021,2058,1436,2060,1185,1831,1823,1937,2937,1989,2390,2151,2168
포즈_144,2047,540,3249,2401,2071,2013,3559,735,1319,2021,2058,1436,2060,1687,1834,1831,1939,2937,1989,2385,2151,2169
포즈_145,2072,546,3106,2343,2033,2033,3564,800,1343,1963,2103,1436,2043,1150,1981,1856,1894,2937,2088,2709,1998,2186
포즈_146,2073,546,3106,2344,2033,2033,3564,800,1343,1963,2103,1437,2043,1150,1858,1860,1894,2937,2088,2700,2001,2186
포즈_147,2073,546,3106,2344,2034,2033,3564,800,1343,1966,2102,1437,2041,1694,1858,1864,1894,2937,2088,2700,2000,2186
포즈_148,2069,544,3119,2359,2030,2033,3564,791,1294,1963,2101,1442,2039,1151,1983,1858,1895,2936,2090,2698,2000,2188
포즈_149,2070,544,3119,2359,2030,2035,3565,791,1294,1962,2101,1442,2039,1152,1829,1860,1897,2936,2091,2690,2000,2188
포즈_150,2070,544,3150,2357,2030,2036,3565,791,1295,1963,2099,1442,2039,1683,1829,1860,1899,2936,2092,2677,2000,2188
포즈_151,2067,544,3187,2322,2039,2028,3560,742,1295,1968,2097,1442,2032,1660,1831,1863,1900,2936,2093,2668,2002,2188
포즈_152,2066,544,3187,2322,2039,2025,3560,742,1295,1970,2097,1442,2032,1662,910,1865,1902,2936,2093,2660,2002,2187
포즈_153,2066,544,3188,2322,2039,2025,3559,742,1311,1970,2097,1442,2032,1469,912,1867,1904,2936,2094,2653,2002,2187
포즈_154,2066,544,3188,2328,2039,2025,3557,737,1311,1970,2097,1442,2032,1469,835,1867,1904,2935,2094,2645,2002,2187
포즈_155,2070,544,3156,2355,2031,2034,3564,770,1297,1966,2098,1449,2038,1588,1827,1860,1900,2935,2092,2669,2002,2188
포즈_156,2067,544,3157,2381,2033,2033,3564,777,1270,1966,2099,1448,2041,1242,1831,1862,1900,2934,2095,2668,2002,2189
포즈_157,2067,545,3178,2381,2035,2029,3562,758,1274,1966,2099,1450,2043,1586,1829,1866,1898,2933,2095,2658,2004,2189
포즈_158,2067,544,3180,2379,2036,2027,3561,758,1275,1966,2097,1449,2042,1655,1831,1867,1895,2934,2096,2668,2004,2189
기본자세4,2072,1369,2236,2218,2051,2076,2749,1716,1465,2043,2048,2113,2061,1623,1011,1962,2097,2437,3088,2146,1987,1964
기 본 자 세 5,2072,1368,2237,2219,2051,2076,2750,1716,1464,2043,2048,2113,2060,1647,1022,1964,2100,2437,3085,2145,1987,1965
ㄴㄱ 1,1946,1293,2344,2212,1941,1893,2805,1717,1564,1875,2063,2108,2068,1648,1997,1105,2098,2435,3079,2143,1983,1968
ㄴㄱ2,1884,1289,2356,2217,1928,1893,2980,864,901,1850,2062,2108,1988,1648,1997,1117,2097,2434,3077,2141,1981,1969
포즈_163,1885,1288,2347,2215,1989,1892,2981,864,901,1854,2061,2113,1986,1648,1996,1128,2094,2435,3074,2137,1978,1972
ㄴㄱㄱ 1,1875,1275,2378,2196,1887,1819,2803,1719,1568,1870,2063,2111,2066,1648,1997,1121,2097,2434,3075,2141,1980,1969
포즈_165,1859,1373,2271,2397,1901,1843,3440,807,1287,1833,2061,2104,2111,1648,1995,1133,2094,2433,3071,2139,1983,1972
포즈_166,2239,1471,2522,2694,2332,2232,2525,1925,1330,2300,2084,2120,2077,1516,1020,1717,2097,2439,2050,3038,1993,1966
포즈_167,1873,1469,2519,2688,2329,2238,2512,1906,1321,2326,2082,2116,2074,1516,1026,1719,2097,2439,2051,3029,1992,1967
포즈_168,1988,754,3172,2645,2372,2227,2519,1902,1311,2340,2106,2123,2072,1517,1029,1720,2094,2440,2052,3019,1992,1969
포즈_169,1860,752,3161,2643,2369,2234,2507,1881,1309,2359,2107,2129,2067,1517,1033,1722,2097,2440,2052,3007,1992,1972
포즈_170,1862,751,3154,2646,2565,2235,2514,1881,1309,2371,2110,2133,2067,1518,1038,1720,2093,2441,2054,2992,1995,1975
포즈_171,2031,1384,2533,2471,2076,2018,3045,1992,2094,2063,2101,2121,2063,1517,1048,1959,2106,2436,2074,3039,1992,1967
넘기 333,1662,1524,2500,2780,2303,2233,2516,1910,1314,2297,2072,2123,2072,1513,1027,1960,2097,2439,2051,3006,1993,1968
포즈_173,1731,1526,2499,2782,2298,2251,2507,1907,1316,2299,2074,2120,2070,1513,1027,1962,2099,2440,2051,3011,1992,1967
포즈_174,1733,953,3120,2797,2298,2262,2496,1893,1313,2317,2075,2121,2066,1513,1029,1962,2101,2441,2052,3000,1991,1967
포즈_175,2233,1471,2399,2591,2306,2243,2516,1928,1316,2282,2077,2129,2074,1513,1027,1958,2094,2440,2053,3026,1994,1968
포즈_176,1982,1260,2787,2794,2287,2258,2507,1911,1312,2303,2049,2119,2069,1512,1029,1959,2095,2441,2054,3014,1993,1969
포즈_177,1981,1258,2778,2789,2290,2251,2512,1916,1310,2314,2051,2108,2075,1512,1032,1721,2092,2442,2056,2995,1995,1972
포즈_178,2235,1436,2688,2782,2444,2203,2632,1952,1577,2246,2112,2115,2113,1512,1023,1843,2100,2439,2051,3025,1994,1967
포즈_179,2233,1435,2691,2774,2373,2201,2632,1949,1584,2219,2109,2123,2117,1513,1029,1839,2102,2438,2048,3016,1992,1969
포즈_180,2231,1432,2683,2767,2306,2199,2635,1955,1584,2215,2113,2128,2120,1512,1029,1838,2099,2439,2050,2993,1994,1972
포즈_181,2229,1434,2686,2762,2265,2197,2634,1949,1591,2160,2109,2126,2120,1513,1032,1832,2101,2438,2047,2989,1992,1975
포즈_182,2226,1431,2682,2766,2275,2195,2634,1955,1583,2160,2116,2124,2124,1511,1034,1827,2098,2439,2050,2991,1995,1977
포즈_183,2227,1432,2683,2767,2272,2195,2634,1955,1583,2206,2111,2130,2129,1512,1033,1821,2094,2440,2053,2996,1997,1979
포즈_184,2227,1434,2684,2758,2262,2188,2632,1949,1596,2199,2101,2114,2118,1513,1034,1832,2102,2437,2047,2989,1993,1976
포즈_185,2228,1431,2682,2759,2268,2195,2637,1955,1586,2174,2101,2123,2124,1511,1034,1737,2099,2438,2049,2981,1994,1978
포즈_186,2226,1428,2678,2755,2270,2184,2646,1946,1582,2193,2101,2122,2121,1512,1040,1810,2097,2439,2050,2966,1996,1980
포즈_187,2224,1425,2674,2754,2267,2198,2656,1941,1579,2201,2103,2125,2117,1510,1044,1813,2093,2440,2052,2945,1999,1981
포즈_188,2077,1382,2520,2420,2099,2067,3084,1919,2104,2094,2098,2123,2028,1514,1053,1961,2111,2434,2143,2926,1968,1968
포즈_189,2054,1485,2533,2596,2057,2031,3202,1657,1888,2016,2100,2123,2013,1513,1061,1963,2119,2432,2144,2903,1973,1970
포즈_190,2226,1422,2669,2748,2262,2171,2876,1614,1530,2120,2101,2128,2118,1511,1051,1816,2097,2439,2054,2936,2001,1982
포즈_191,2224,1370,2847,2797,2234,2165,2881,1595,1535,2120,2098,2124,2121,1512,1056,1819,2099,2438,2055,2919,2002,1981
포즈_192,2193,1513,2455,2623,1964,2114,2708,1816,1510,1868,2130,2128,2058,1512,1051,1811,2097,2439,2051,2934,1997,1983
포즈_193,2190,1512,2455,2617,1963,2114,2708,1802,1507,1961,2131,2125,2060,1512,1055,1816,2099,2438,2053,2926,1999,1981
포즈_194,2022,1316,2633,2578,1958,2109,2709,1785,1510,1971,2083,2119,2054,1515,1057,1823,2098,2438,2050,2917,2003,1980
포즈_195,2118,1315,2627,2578,1983,2192,2703,1761,1516,1982,2088,2125,2059,1518,1057,1831,2098,2438,2051,2917,1996,1980
ㅊㅈㅂㄹ 2,2238,1530,2162,2438,2299,2238,2527,1927,1334,2298,2085,2123,2075,1517,1020,1964,2090,2437,2050,3045,1993,1965
ㅊㅈㅂㄹ,2238,1530,2159,2435,2299,2238,2525,1925,1333,2298,2085,2122,2075,1517,1020,1963,2097,2437,2049,2522,1993,1965
포즈_198,2238,1530,2160,2437,2300,2238,2526,1926,1333,2298,2085,2122,2074,1517,1022,1963,2097,2437,2049,2387,1997,1966
포즈_199,2224,1583,2686,2780,2253,2198,2848,1920,1802,2174,2108,2114,2117,1511,1047,1815,2095,2441,2052,2937,2000,1982
포즈_200,2223,1894,2205,2646,2236,2158,3006,1768,1841,2163,2109,2116,2112,1512,1047,1817,2098,2441,2053,2928,2001,1983
포즈_201,2168,1914,2084,2640,2231,2154,3054,1760,1805,2186,2112,2112,2132,1512,1051,1819,2100,2441,2053,2919,2001,1983
포즈_202,2146,1684,2243,2673,2226,2151,3018,1756,1841,2163,2108,2112,2112,1512,1053,1819,2100,2440,2050,2913,1999,1984
포즈_203,1988,1301,2268,2151,1958,2014,2820,1671,1531,1958,2049,2119,2061,1647,1813,1910,2101,2436,2294,2196,1983,1964
포즈_204,1919,1300,2289,2145,1943,2015,2857,1365,1213,1942,2046,2119,2056,1647,1815,1912,2103,2436,2293,2193,1981,1963
포즈_205,1954,1226,2266,2106,1953,1976,2647,1679,1339,1946,2046,2120,2054,1647,1816,1914,2102,2436,2292,2191,1982,1962
포즈_206,1955,1218,2285,2100,1948,1949,2644,1674,1336,1905,2049,2121,2052,1648,1818,1916,2100,2436,2291,2188,1982,1962
포즈_207,1890,1293,2311,2279,1924,2014,2859,1370,1163,1891,2049,2122,2054,1647,1816,1914,2102,2435,2293,2193,1981,1963
포즈_208,1886,1288,2331,2281,1907,2031,2763,1494,1162,1904,2051,2115,2070,1648,1817,1916,2100,2435,2292,2193,1981,1962
포즈_209,1984,1297,2279,2216,1954,2011,2823,1661,1470,1957,2048,2115,2060,1648,1815,1912,2099,2435,2293,2194,1985,1963
포즈_210,1908,1302,2303,2210,1938,1971,2886,1351,1231,1923,2050,2114,2083,1648,1816,1914,2101,2435,2293,2192,1985,1962
포즈_211,1894,1298,2330,2205,1956,1973,2885,1360,1239,1926,2047,2114,2082,1648,1818,1913,2102,2435,2293,2192,1983,1963
포즈_212,1885,1301,2350,2246,1996,1971,2887,1366,1243,1931,2048,2111,2083,1649,1820,1911,2103,2435,2291,2187,1982,1964
포즈_213,1875,1304,2376,2354,1964,1973,2767,1422,1139,1949,2052,2112,2081,1649,1821,1908,2101,2435,2289,2187,1984,1966
포즈_214,1960,1382,2218,2206,1954,1977,2723,1766,1509,1943,2053,2118,2064,1649,1817,1914,2100,2435,2292,2192,1985,1962
포즈_215,1918,1390,2240,2200,1954,1980,2870,1480,1380,1921,2051,2118,2071,1649,1819,1916,2101,2434,2290,2189,1983,1962
포즈_216,1889,1375,2237,2371,1937,1983,2708,1511,1090,1945,2058,2118,2072,1649,1818,1915,2097,2434,2292,2190,1985,1962
포즈_217,1880,1378,2253,2377,1960,1985,2710,1518,1141,1950,2063,2118,2069,1649,1818,1915,2094,2433,2293,2187,1988,1963
포즈_218,1937,1289,2225,2106,1927,1919,2803,1808,1641,1888,2054,2117,2055,1649,1819,1916,2101,2434,2292,2189,1985,1961
포즈_219,1886,1284,2242,2100,1912,1915,3020,1392,1409,1889,2051,2117,2051,1649,1821,1918,2102,2434,2291,2186,1983,1961
포즈_220,1917,1297,2230,2111,1910,1991,2782,1533,1338,1887,2051,2117,2049,1650,1823,1921,2103,2433,2289,2183,1980,1961
포즈_221,1957,1276,2268,2124,1963,1937,2563,1774,1385,1950,2052,2117,2031,1650,1823,1923,2104,2433,2289,2183,1980,1961
포즈_222,1990,1233,2293,2105,1951,1960,2643,1653,1346,1936,2052,2120,2034,1652,1825,1925,2105,2433,2287,2181,1978,1960
포즈_223,1936,1227,2431,2241,1981,1903,2787,1491,1292,1940,2057,2107,2094,1651,1823,1920,2103,2433,2290,2186,1983,1962
포즈_224,1979,1192,2507,2358,1994,1981,2661,1523,1147,1950,2055,2107,2065,1651,1825,1922,2101,2433,2288,2186,1985,1961
포즈_225,1928,1305,2258,2115,1928,1900,2824,1612,1490,1881,2055,2123,2033,1651,1821,1918,2102,2433,2290,2189,1985,1960
포즈_226,1953,1256,2225,2106,1960,1900,2804,1515,1351,1890,2059,2123,2032,1651,1823,1920,2100,2433,2290,2190,1988,1960
포즈_227,1957,1196,2259,2077,1957,1993,2805,1427,1205,1921,2058,2124,2030,1651,1823,1922,2098,2433,2290,2188,1988,1960
포즈_228,1942,1187,2364,2200,1956,1989,2761,1555,1286,1927,2040,2119,2025,1651,1825,1924,2097,2433,2290,2186,1986,1959
포즈_229,2000,1176,2335,2091,1987,1977,2729,1628,1402,1939,2050,2120,2014,1651,1825,1926,2097,2433,2289,2184,1984,1958
포즈_230,2131,1312,2492,2537,2107,2079,2724,1794,1481,2056,2051,2116,2059,1649,1033,1966,2103,2436,3085,2144,1987,1966
포즈_231,2032,1578,2297,2515,2098,2080,2829,1696,1512,2067,2091,2117,2074,1648,1036,1967,2102,2436,3081,2142,1985,1966
포즈_232,2080,1636,2210,2477,2102,2078,2831,1684,1516,2070,2092,2117,2076,1648,1038,1968,2103,2436,3079,2141,1985,1967
포즈_233,2080,1522,2307,2429,2109,2073,2831,1663,1524,2072,2082,2108,2075,1649,1043,1968,2106,2436,3076,2140,1982,1968
포즈_1_대칭,2024,1537,1492,1941,2050,2184,2423,2577,1862,2054,2221,2165,2118,1470,2023,2030,1953,2436,1980,2061,2071,1984
포즈_235,2079,1301,2357,2208,2102,2046,2652,1655,1388,2031,2086,2111,2120,1649,1049,1969,2109,2436,3072,2140,1979,1967
포즈_236,2079,1298,2356,2318,2100,2046,2653,1647,1268,2033,2084,2111,2118,1649,1052,1970,2109,2436,3069,2138,1980,1968
포즈_237,1990,1338,2178,2105,1982,1978,2848,1540,1370,1946,2046,2120,2057,1650,1030,1961,2107,2436,3081,2144,1987,1964
포즈_238,1982,1399,2231,2228,1999,1946,2678,1643,1327,1947,2074,2116,2053,1650,1035,1962,2109,2436,3077,2143,1984,1965
포즈_239,1983,1399,2231,2226,2000,1945,2549,1866,1417,1953,2073,2116,2064,1650,1039,1964,2111,2435,3075,2141,1984,1965
포즈_240,1990,1403,2248,2226,1990,1972,2581,1736,1358,1924,2071,2115,2076,1651,1043,1966,2113,2435,3071,2140,1984,1964
포즈_241,1988,1406,2268,2294,1971,1976,2575,1726,1296,1929,2072,2118,2078,1651,1046,1967,2116,2435,3071,2140,1984,1963
포즈_242,1972,1335,2299,2214,1946,1978,2647,1669,1359,1926,2064,2113,2077,1651,1049,1968,2118,2436,3068,2138,1981,1963
포즈_243,1978,1208,2298,2078,1941,2006,2831,1581,1457,1927,2074,2117,2075,1652,1052,1970,2120,2436,3064,2136,1981,1961
포즈_244,2023,1192,2326,2112,2019,2027,2821,1599,1449,1983,2047,2122,2058,1652,1036,1963,2110,2436,3077,2144,1985,1963
포즈_245,2030,1099,2393,2092,2004,2034,2979,1478,1482,1985,2046,2130,2060,1654,1047,1965,2112,2435,3070,2144,1981,1962
포즈_246,2063,1322,2397,2325,2093,2077,2948,1698,1673,2072,2083,2115,2075,1651,1047,1970,2108,2435,3072,2138,1980,1969
포즈_247,2069,1363,2247,2317,2054,2079,2749,1710,1372,2042,2050,2112,2061,1649,1031,1965,2102,2436,3080,2145,1988,1964
포즈_248,1982,1358,2265,2322,2041,2066,2790,1414,1125,1983,2052,2112,2050,1649,1034,1964,2104,2436,3077,2144,1988,1965
포즈_249,2027,1282,2336,2279,2035,1991,2639,1660,1260,1970,2058,2112,2073,1649,1037,1966,2105,2435,3071,2144,1988,1964
포즈_250,2074,1215,2296,2122,2034,2036,2783,1581,1378,1967,2062,2115,2072,1650,1044,1968,2107,2434,3071,2144,1986,1963
포즈_251,2071,1255,2548,2434,2033,2081,2778,1556,1382,1977,2057,2113,2073,1650,1048,1970,2109,2434,3066,2145,1986,1962
포즈_252,2063,1351,2316,2256,2033,2041,2888,1653,1582,1983,2075,2113,2071,1650,1051,1972,2110,2433,3064,2144,1983,1962
포즈_253,2044,1291,2325,2172,2021,2017,2925,1716,1704,1976,2074,2120,2071,1651,1057,1973,2112,2432,3064,2144,1980,1961
포즈_254,2060,1348,2326,2298,2023,2043,2896,1637,1538,1979,2076,2115,2074,1652,1056,1974,2112,2432,3064,2144,1983,1961
포즈_255,2059,1347,2321,2276,2021,2044,2892,1648,1554,1985,2073,2112,2071,1651,1056,1974,2112,2433,3060,2143,1981,1961
포즈_256,1971,1358,2350,2412,1907,1958,2730,1529,1188,1840,2064,2103,2051,1516,2023,1278,2097,2435,3024,2141,1993,1964
포즈_257,2058,1356,2332,2251,2034,2039,2883,1647,1603,2002,2078,2108,2069,1651,1053,1973,2113,2432,3060,2144,1980,1961
포즈_258,2021,1341,2381,2226,2019,2035,2879,1626,1613,2003,2078,2108,2071,1652,1056,1974,2117,2431,3057,2144,1980,1960
포즈_259,2015,1344,2391,2311,2017,2037,2881,1605,1535,2006,2078,2113,2072,1652,1062,1975,2120,2430,3053,2144,1977,1959
포즈_260,2020,1383,2417,2401,2043,2032,2886,1586,1500,2009,2069,2118,2069,1653,1066,1976,2122,2430,3048,2143,1974,1960
포즈_261,2060,1304,2423,2292,2045,2044,2886,1591,1541,2009,2068,2117,2070,1652,1066,1976,2123,2430,3053,2143,1974,1958
포즈_262,2021,1285,2357,2275,2017,2002,2649,1639,1284,1989,2055,2111,2072,1650,1042,1967,2107,2434,3071,2144,1985,1965
포즈_263,2026,1351,2435,2317,2056,2033,2879,1585,1543,2008,2054,2113,2074,1653,1066,1976,2123,2429,3053,2143,1977,1960
포즈_264,2062,1355,2339,2252,2017,2044,3078,1319,1394,1960,2072,2106,2078,1654,1057,1974,2113,2433,3060,2144,1980,1961
포즈_265,2048,1301,2220,2102,2007,2044,2933,1369,1291,1956,2081,2105,2087,1654,1060,1976,2113,2433,3057,2145,1979,1960
포즈_266,2050,1304,2223,2101,2007,2047,2696,1667,1405,1960,2078,2107,2095,1654,1065,1978,2117,2433,3052,2146,1976,1959
포즈_267,2048,1107,2480,2165,2004,2044,2693,1647,1408,1968,2087,2116,2099,1654,1069,1980,2119,2432,3048,2147,1973,1958
포즈_268,2048,1306,2415,2363,2003,1997,2728,1807,1607,1899,2087,2116,2090,1654,1073,1982,2121,2432,3045,2148,1973,1957
포즈_269,2044,1619,2096,2232,1999,1992,2723,1792,1616,1906,2086,2116,2090,1654,1075,1983,2121,2432,3042,2148,1972,1958
포즈_270,2049,1288,2465,2394,2045,2054,2819,1665,1497,2014,2072,2119,2091,1654,1075,1982,2121,2432,3044,2148,1970,1957
포즈_271,2047,1438,2327,2343,2045,2050,2816,1647,1503,2019,2074,2119,2090,1655,1078,1982,2122,2432,3041,2147,1971,1957
포즈_272,2061,1299,2597,2486,2028,2074,2784,1547,1385,1988,2063,2116,2069,1650,1052,1968,2112,2435,3062,2143,1984,1963
포즈_273,2062,1295,2687,2536,2026,2066,2783,1524,1388,1999,2042,2110,2071,1650,1055,1969,2116,2433,3059,2142,1982,1962
포즈_274,2005,1336,2411,2279,2014,2034,2877,1580,1545,2009,2071,2118,2073,1653,1068,1976,2123,2429,3049,2144,1974,1958
포즈_275,2048,1301,2564,2452,2008,2063,2815,1580,1439,1999,2046,2113,2083,1652,1062,1971,2119,2432,3053,2143,1979,1961
포즈_276,2045,1457,2327,2427,2008,2060,2817,1585,1377,2007,2048,2114,2086,1652,1067,1973,2121,2432,3050,2144,1977,1960
포즈_277,2046,1508,2329,2451,2036,2054,2813,1569,1383,2003,2050,2116,2083,1653,1074,1975,2123,2431,3045,2144,1975,1960
포즈_278,2029,1442,2380,2410,2015,2050,2808,1548,1389,2001,2051,2112,2083,1653,1082,1977,2126,2430,3039,2144,1972,1959
포즈_279,2031,1286,2339,2226,2012,2020,2928,1706,1649,1980,2076,2113,2076,1652,1063,1974,2116,2432,3060,2144,1977,1960
포즈_280,2029,1288,2342,2230,2011,2020,3112,1285,1358,1974,2070,2113,2065,1652,1066,1973,2116,2432,3058,2143,1978,1960
포즈_281,2031,1236,2413,2212,2043,2016,2727,1583,1357,1980,2052,2115,2056,1652,1070,1975,2119,2432,3054,2142,1976,1960
포즈_282,2031,1135,2369,2087,2042,2013,2863,1554,1451,1971,2052,2115,2055,1652,1073,1976,2121,2432,3051,2143,1976,1960
포즈_283,2030,941,2703,2251,2042,2011,2867,1539,1454,1975,2059,2115,2055,1652,1076,1977,2121,2432,3048,2143,1976,1960
포즈_284,2033,1291,2435,2303,2041,2014,2952,1581,1578,1975,2079,2115,2067,1652,1079,1978,2123,2431,3044,2142,1974,1960
포즈_285,2025,1415,2426,2390,2021,2011,2867,1539,1454,1975,2074,2115,2055,1652,1076,1977,2121,2432,3048,2143,1976,1960
포즈_286,2016,1414,2435,2472,2017,2009,2862,1522,1377,1980,2076,2109,2058,1653,1080,1978,2123,2431,3044,2142,1974,1959
포즈_287,2055,1490,2351,2395,2020,2072,2769,1534,1387,1976,2070,2108,2071,1651,1052,1972,2111,2434,3062,2145,1983,1961
포즈_288,2048,1317,2341,2154,2016,2042,2922,1644,1692,1969,2072,2111,2094,1651,1058,1974,2114,2433,3058,2145,1979,1960
포즈_289,2051,1496,2360,2489,2017,2067,2763,1518,1287,1981,2070,2110,2067,1652,1057,1974,2113,2433,3057,2146,1981,1961
포즈_290,2038,1467,2366,2421,2003,2052,2815,1525,1377,1988,2069,2113,2071,1652,1061,1976,2116,2433,3052,2145,1979,1961
포즈_291,2023,1510,2312,2385,2002,2025,2723,1578,1358,1952,2068,2102,2077,1653,1062,1976,2116,2433,3053,2147,1979,1961
포즈_292,2054,1605,2201,2353,2055,1998,2706,1709,1493,1978,2083,2118,2064,1654,1066,1976,2122,2429,3049,2143,1974,1959
포즈_293,2049,1447,2258,2274,2055,1996,2805,1766,1627,1978,2082,2118,2064,1654,1068,1977,2123,2429,3046,2142,1975,1959
포즈_294,2048,1437,2263,2281,2051,2003,2874,1349,1253,1961,2078,2118,2049,1654,1070,1978,2124,2429,3043,2141,1975,1959
포즈_295,2018,1340,2277,2196,2046,1999,2934,1354,1286,1996,2081,2118,2073,1654,1074,1979,2126,2429,3039,2140,1974,1959
포즈_296,2019,1275,2220,2072,2044,2004,2696,1746,1490,1991,2075,2118,2069,1654,1078,1981,2129,2429,3036,2139,1972,1959
포즈_297,2014,1349,2469,2371,2034,2011,2694,1733,1493,2000,2076,2120,2071,1656,1082,1982,2131,2428,3033,2138,1969,1959
포즈_298,2049,1612,1986,2151,2039,2049,2668,1957,1692,2010,2084,2123,2066,1656,1085,1983,2134,2428,3030,2137,1968,1958
포즈_299,2049,1613,1988,2152,2038,2049,2668,1957,1692,2010,2084,2123,2066,1656,1085,1983,2133,2428,3031,2137,1967,1958
포즈_300,2045,1372,2284,2241,2040,2053,2875,1735,1646,2016,2088,2115,2060,1656,1089,1984,2137,2427,3028,2136,1965,1957
포즈_301,2017,1345,2318,2302,2029,1998,2883,1756,1625,1982,2084,2116,2061,1656,1073,1978,2125,2428,3041,2140,1973,1960
포즈_302,2049,1336,2302,2281,2045,2040,2883,1694,1566,1976,2069,2117,2051,1653,1068,1977,2122,2429,3049,2143,1974,1960
포즈_303,2051,1336,2304,2276,2040,2041,2915,1334,1260,1994,2069,2117,2033,1654,1070,1978,2122,2429,3046,2143,1975,1960
포즈_304,2048,1255,2315,2154,2040,2043,2739,1642,1413,2005,2084,2117,2076,1655,1078,1979,2124,2429,3042,2142,1972,1960
포즈_305,2044,1207,2218,2040,2039,2044,2812,1693,1515,2008,2082,2117,2076,1655,1083,1981,2127,2429,3036,2141,1970,1961
포즈_306,2044,1176,2573,2367,2040,2040,2807,1682,1520,2009,2082,2117,2077,1655,1085,1982,2127,2429,3034,2140,1969,1960
포즈_307,2044,1389,2354,2325,2040,2037,2909,1645,1596,1994,2086,2117,2081,1655,1087,1983,2129,2429,3032,2139,1969,1960
포즈_308,2038,1361,2364,2289,2032,2039,2912,1634,1600,1998,2088,2117,2079,1655,1091,1984,2131,2428,3028,2138,1966,1962
포즈_309,2028,1163,2520,2289,2027,2033,3075,1525,1619,1998,2089,2121,2071,1655,1095,1985,2134,2427,3024,2138,1964,1962
포즈_310,2028,1161,2527,2293,2027,2033,3192,1093,1289,1954,2089,2121,2082,1655,1097,1986,2134,2427,3022,2137,1964,1962
포즈_311,2029,1114,2459,2141,2026,2015,2907,1452,1410,1963,2091,2120,2075,1655,1100,1988,2137,2427,3019,2137,1961,1961
포즈_312,2028,994,2474,2042,2027,2012,3018,1414,1488,1960,2083,2121,2078,1655,1102,1989,2137,2427,3017,2138,1961,1961
포즈_313,2028,993,2724,2294,2027,2014,3015,1404,1493,1955,2087,2121,2076,1655,1104,1991,2139,2427,3014,2138,1961,1961
포즈_314,2029,1175,2540,2275,2027,2002,3030,1468,1567,1950,2082,2122,2085,1655,1106,1993,2140,2427,3010,2137,1958,1962
포즈_315,2023,1108,2432,2100,2013,1973,2784,1496,1349,1921,2086,2124,1992,1657,1102,1987,2137,2426,3018,2137,1961,1961
포즈_316,2024,1103,2439,2096,2021,1971,2811,1493,1358,1918,2087,2131,2062,1657,1106,1989,2139,2426,3015,2136,1958,1962
포즈_1_대칭,2024,1537,1492,1941,2050,2184,2423,2577,1862,2054,2221,2165,2118,1470,2023,2030,1953,2436,1980,2061,2071,1984
포즈_318,2006,1352,2396,2385,2016,2030,2860,1596,1446,2003,2125,2115,2055,1653,1067,1976,2122,2429,3046,2144,1974,1961
포즈_319,2002,1354,2408,2382,2017,2027,2882,1578,1470,1998,2127,2118,2094,1653,1072,1977,2124,2427,3039,2143,1972,1962
포즈_320,2019,1252,2437,2300,2018,2041,2989,1590,1595,2002,2088,2121,2073,1655,1096,1985,2134,2427,3025,2136,1964,1963
포즈_321,2014,1233,2447,2290,2013,2041,3037,1366,1411,1995,2092,2121,2090,1656,1099,1986,2136,2427,3022,2135,1963,1964
포즈_322,2015,1252,2304,2177,2011,2040,2808,1637,1442,1990,2089,2121,2103,1656,1102,1987,2137,2427,3019,2134,1962,1964
포즈_323,2012,1254,2306,2165,2009,2037,2789,1626,1436,1976,2092,2122,2097,1655,1104,1987,2139,2427,3016,2134,1961,1965
포즈_324,2009,1092,2321,2016,2008,2034,2975,1580,1570,1977,2092,2122,2096,1655,1106,1988,2139,2426,3013,2133,1960,1965
포즈_325,2008,952,2581,2140,2008,2033,2973,1578,1568,1981,2100,2122,2094,1656,1108,1988,2139,2426,3011,2133,1961,1965
포즈_326,2073,1288,2276,2166,2096,2038,2893,1828,1744,2030,2106,2119,2048,1656,1111,1987,2141,2426,3007,2132,1959,1966
포즈_327,2013,1254,2411,2265,2023,2038,2957,1660,1647,2019,2091,2124,2069,1656,1103,1986,2138,2425,3020,2134,1961,1964
포즈_328,2018,1305,2339,2248,2013,2031,2918,1688,1631,1990,2089,2113,2069,1655,1104,1987,2138,2425,3017,2137,1961,1963
포즈_329,2012,1281,2393,2290,2000,2037,2987,1328,1295,1965,2094,2119,2086,1657,1104,1988,2137,2426,3018,2136,1962,1963
포즈_330,2014,1088,2388,2067,2005,1966,2812,1524,1370,1923,2086,2128,2057,1657,1110,1991,2141,2426,3011,2135,1956,1963
포즈_331,2017,1222,2295,2116,2018,2017,2809,1640,1470,1978,2083,2120,2046,1656,1107,1990,2139,2426,3012,2137,1959,1962
포즈_332,2023,1161,2484,2225,2011,2039,2910,1604,1558,1979,2058,2123,2058,1656,1108,1992,2141,2426,3010,2138,1958,1961
포즈_333,2019,1200,2451,2271,2011,2000,3000,1556,1560,1956,2081,2123,2071,1656,1110,1995,2142,2426,3006,2136,1956,1962
포즈_334,2011,1420,2323,2350,2013,2030,2866,1634,1517,1980,2103,2110,2133,1653,1068,1977,2122,2429,3049,2143,1974,1960
포즈_335,2007,1446,2347,2369,2001,2026,2862,1617,1526,1980,2134,2115,2130,1654,1073,1978,2124,2428,3045,2141,1971,1961
포즈_336,1926,1614,2162,2537,1867,1923,2509,1699,1068,1815,2193,2119,2178,1516,2022,1792,2094,2436,3024,2142,1993,1963
포즈_337,2031,1217,2385,2195,2032,2034,2975,1699,1709,2002,2085,2119,2058,1655,1096,1985,2133,2427,3025,2136,1963,1962
포즈_338,2030,1218,2387,2197,2030,2035,3056,1392,1465,1988,2079,2119,2048,1655,1098,1987,2134,2427,3031,2137,1968,1962
포즈_339,2005,1133,2379,2098,2035,2012,2849,1590,1473,1991,2085,2119,2069,1655,1100,1987,2134,2427,3028,2136,1965,1963
포즈_340,1978,1178,2330,2150,2034,2001,2848,1650,1475,1991,2093,2119,2081,1655,1103,1988,2137,2427,3025,2134,1963,1964
포즈_341,1978,1060,2621,2327,2034,2004,2842,1640,1481,1997,2094,2119,2083,1655,1105,1989,2137,2427,3029,2137,1966,1964
포즈_342,2008,1352,2358,2320,2034,2030,2862,1666,1541,2008,2137,2119,2071,1655,1107,1988,2138,2427,3026,2136,1963,1964
포즈_343,1996,1139,2353,2090,2013,2018,2875,1572,1468,1990,2082,2120,2085,1655,1103,1988,2137,2426,3026,2136,1965,1963
포즈_344,1999,1095,2306,1994,2013,2026,2931,1582,1538,1996,2085,2121,2066,1655,1105,1989,2137,2426,3024,2136,1966,1963
포즈_345,1998,952,2583,2150,2014,2027,2933,1571,1544,2002,2087,2120,2070,1655,1107,1989,2137,2426,3022,2135,1966,1963
포즈_346,1997,1145,2459,2173,2014,2025,2999,1584,1646,2008,2115,2120,2047,1655,1110,1990,2139,2426,3020,2134,1965,1964
포즈_347,2009,1183,2456,2190,2016,2028,3003,1575,1653,2005,2093,2124,2044,1655,1115,1991,2141,2425,3015,2133,1962,1965
포즈_348,2026,1204,2373,2129,2028,2063,2949,1650,1670,2008,2109,2123,2038,1655,1110,1990,2139,2426,3019,2134,1964,1963
포즈_349,2020,1209,2379,2132,2011,2058,2954,1636,1678,2007,2114,2119,2035,1655,1115,1991,2141,2425,3016,2134,1961,1963
포즈_350,2041,1241,2417,2183,2047,2053,2959,1621,1686,2010,2109,2119,2033,1656,1120,1992,2143,2424,3011,2133,1959,1964
포즈_351,1997,880,2710,2214,2009,2031,2932,1567,1546,2003,2109,2125,2069,1656,1110,1990,2139,2425,3020,2135,1963,1964
포즈_352,2013,1248,2392,2207,2017,2036,2953,1644,1652,1987,2144,2125,2050,1656,1114,1991,2141,2425,3017,2134,1961,1963
포즈_353,2015,1243,2403,2203,2007,2029,2996,1626,1688,1973,2146,2126,2129,1656,1119,1992,2143,2424,3013,2133,1958,1963
포즈_354,2023,1290,2399,2268,2016,2040,2977,1628,1652,2000,2083,2119,2079,1655,1096,1986,2134,2427,3024,2137,1963,1963
포즈_355,2024,1286,2400,2267,2016,2040,2943,1454,1452,2018,2087,2119,2071,1655,1098,1988,2134,2427,3022,2136,1963,1963
포즈_356,2019,1239,2368,2165,2016,1998,2808,1601,1468,1969,2085,2119,2054,1655,1101,1990,2136,2427,3019,2135,1961,1964
포즈_357,1999,1212,2331,2119,2017,2002,2831,1622,1495,1970,2078,2119,2047,1655,1104,1991,2136,2427,3016,2134,1961,1964
포즈_358,1998,1100,2598,2275,2017,2004,2829,1615,1494,1974,2077,2119,2049,1655,1106,1992,2136,2427,3013,2134,1961,1964
포즈_359,2026,1312,2311,2206,2017,2011,2875,1678,1591,1970,2123,2115,2039,1655,1108,1993,2137,2427,3010,2134,1961,1964
포즈_360,2029,1261,2388,2238,2026,2042,2971,1669,1679,1999,2087,2109,2077,1655,1095,1985,2134,2427,3022,2137,1964,1962
포즈_361,2030,1267,2392,2233,2026,2042,3032,1345,1432,1996,2082,2108,2067,1655,1097,1986,2134,2426,3020,2137,1964,1962
포즈_362,2028,1188,2400,2164,2026,2042,2809,1542,1397,1999,2085,2109,2053,1655,1100,1988,2134,2427,3018,2136,1963,1962
포즈_363,2026,1096,2449,2134,2026,2035,2875,1516,1422,2004,2087,2109,2048,1655,1103,1984,2134,2427,3015,2135,1963,1962
포즈_364,2022,1040,2646,2274,2026,2034,2876,1508,1418,2007,2083,2109,2046,1655,1105,1985,2134,2427,3013,2134,1964,1962
포즈_365,2011,1128,2382,2110,2023,2029,2856,1565,1445,2006,2088,2117,2043,1656,1109,1985,2137,2426,3009,2133,1960,1963
포즈_366,2011,1073,2590,2261,2023,2031,2851,1552,1447,2010,2084,2117,2045,1656,1111,1986,2137,2426,3006,2133,1960,1963
포즈_367,2011,1285,2385,2232,2023,2028,2860,1617,1538,2000,2067,2117,2039,1656,1113,1987,2138,2426,3003,2132,1960,1962
포즈_368,2003,1003,2681,2295,2014,2036,2860,1550,1448,2012,2083,2118,2044,1656,1112,1986,2139,2425,3003,2132,1958,1964
포즈_369,2015,1178,2323,2091,2013,2041,2824,1613,1471,2005,2083,2112,2052,1656,1104,1989,2137,2426,3015,2135,1960,1962
포즈_370,2015,1181,2526,2258,2013,2046,2822,1611,1468,2002,2084,2112,2049,1656,1106,1990,2139,2426,3013,2134,1960,1962
포즈_371,2016,1350,2338,2247,2014,2040,2841,1654,1566,2003,2048,2112,2046,1655,1109,1991,2141,2425,3010,2132,1959,1963
포즈_372,2081,1377,2313,2240,2041,2038,2837,1639,1560,1969,2049,2112,2045,1656,1114,1993,2144,2424,3005,2133,1956,1963
포즈_373,2027,1014,2637,2259,2025,2049,2826,1596,1470,2009,2074,2115,2049,1656,1109,1992,2141,2426,3010,2134,1958,1961
포즈_374,2036,1273,2349,2194,2042,2042,2878,1666,1591,2018,2051,2115,2038,1656,1111,1989,2142,2426,3008,2133,1957,1961
포즈_375,2023,1294,2379,2232,2023,2035,2936,1655,1658,1996,2087,2118,2075,1654,1095,1985,2133,2427,3024,2139,1963,1961
포즈_376,2020,1291,2379,2239,2021,2035,3043,1368,1466,2004,2083,2111,2074,1654,1097,1986,2134,2427,3021,2139,1961,1961
포즈_377,2014,1216,2349,2115,2022,2006,2761,1636,1448,1998,2084,2108,2044,1654,1100,1985,2137,2426,3018,2138,1959,1961
포즈_378,2001,1208,2283,2055,2022,2010,2761,1684,1498,2002,2081,2108,2039,1654,1102,1984,2138,2426,3016,2137,1960,1961
포즈_379,2000,1091,2546,2232,2022,2015,2763,1682,1496,1999,2082,2116,2037,1654,1104,1985,2137,2426,3013,2138,1959,1961
포즈_380,1999,1364,2332,2274,2022,2011,2831,1662,1540,1983,2034,2116,2039,1654,1106,1986,2138,2426,3011,2138,1959,1961
포즈_381,2021,1270,2383,2225,2019,2035,2938,1662,1660,2005,2088,2120,2070,1656,1095,1985,2133,2427,3023,2137,1964,1962
포즈_382,2020,1268,2376,2232,2019,2035,2991,1441,1475,2011,2090,2116,2064,1656,1097,1986,2134,2427,3021,2137,1963,1962
포즈_383,2011,1219,2346,2162,2020,2017,2767,1644,1437,2011,2092,2116,2058,1656,1099,1983,2134,2427,3019,2136,1964,1963
포즈_384,1997,1170,2340,2117,2019,2017,2824,1630,1471,2011,2090,2116,2058,1656,1101,1983,2134,2427,3017,2135,1964,1963
포즈_385,1995,1065,2617,2318,2019,2018,2829,1623,1468,2015,2082,2117,2056,1656,1104,1981,2133,2426,3015,2135,1963,1962
포즈_386,1995,1342,2383,2305,2046,2015,2838,1667,1547,2022,2059,2118,2040,1656,1106,1979,2136,2427,3013,2134,1964,1963
포즈_387,2031,1279,2285,2176,2032,2030,2906,1747,1666,1996,2088,2121,2070,1656,1095,1986,2133,2427,3023,2136,1964,1963
포즈_388,2030,1280,2288,2175,2032,2030,3020,1355,1426,2001,2089,2121,2057,1656,1097,1986,2133,2427,3021,2136,1963,1963
포즈_389,2017,1223,2279,2094,2032,2016,2730,1673,1445,1992,2085,2121,2068,1656,1100,1987,2136,2427,3019,2135,1963,1963
포즈_390,2016,1148,2275,2020,2032,2016,2845,1640,1509,1994,2086,2121,2071,1656,1102,1988,2136,2427,3017,2134,1963,1963
포즈_391,2016,998,2591,2203,2032,2018,2846,1629,1513,1997,2085,2121,2072,1656,1104,1990,2136,2427,3015,2134,1963,1963
포즈_392,2047,1343,2306,2226,2043,2041,2832,1675,1559,2005,2064,2121,2061,1656,1107,1991,2138,2427,3007,2133,1960,1963
포즈_393,2042,1342,2315,2253,2026,2040,2834,1662,1528,2002,2068,2116,2062,1657,1111,1992,2140,2426,3002,2133,1957,1963
포즈_394,2024,1021,2649,2285,2017,2026,2848,1613,1517,2004,2084,2123,2074,1658,1108,1992,2138,2426,3012,2135,1961,1963
포즈_395,2030,1059,2565,2234,2021,2033,2852,1594,1522,2012,2106,2125,2074,1658,1112,1994,2141,2426,3008,2135,1958,1962
포즈_396,2027,1309,2301,2194,2027,2046,2866,1750,1654,2022,2083,2126,2057,1658,1115,1996,2140,2425,3006,2134,1958,1963
포즈_397,2091,1404,2297,2253,2059,2048,2833,1653,1565,2008,2089,2127,2060,1658,1114,1993,2140,2426,3000,2134,1957,1962
포즈_398,2080,1408,2308,2329,2031,2054,2835,1638,1486,2010,2088,2128,2059,1659,1119,1995,2142,2425,2996,2135,1955,1961
포즈_399,2082,1401,2302,2334,2031,2053,2835,1659,1480,2009,2087,2129,2057,1659,1119,1990,2141,2425,2996,2136,1955,1960
포즈_400,2032,1248,2415,2265,2029,2036,2968,1629,1624,1995,2085,2122,2068,1655,1094,1986,2133,2427,3024,2136,1963,1962
포즈_401,2032,1246,2417,2265,2028,2036,3014,1310,1363,1993,2084,2123,2055,1655,1096,1987,2133,2427,3022,2136,1963,1962
포즈_402,2028,1211,2358,2169,2028,2019,2740,1609,1377,1985,2085,2123,2046,1655,1100,1988,2136,2428,3020,2135,1960,1963
포즈_403,2027,1191,2257,2041,2029,2021,2815,1650,1491,1987,2082,2123,2046,1655,1103,1989,2137,2427,3012,2134,1958,1962
포즈_404,2027,1083,2562,2249,2029,2024,2818,1639,1493,1991,2072,2122,2043,1655,1105,1990,2138,2427,3010,2134,1958,1962
포즈_405,2027,1293,2379,2244,2028,2023,2877,1624,1563,1988,2067,2123,2039,1655,1107,1991,2139,2426,3008,2133,1957,1962
포즈_406,2014,1349,2401,2293,2017,2019,2878,1608,1572,1988,2071,2131,2038,1656,1111,1990,2141,2425,3003,2132,1954,1963
포즈_407,2007,1351,2410,2320,2014,2015,2874,1594,1536,1993,2072,2133,2039,1657,1115,1989,2143,2425,2999,2131,1951,1963
포즈_408,1991,1379,2377,2327,2012,2010,2863,1634,1546,2001,2043,2129,2032,1656,1120,1988,2145,2425,2995,2130,1948,1964
포즈_409,2066,1392,2358,2303,2037,2016,2859,1616,1554,1994,2040,2134,2030,1657,1125,1989,2148,2425,2992,2130,1945,1964
포즈_410,2057,1391,2350,2335,2037,2021,2861,1621,1504,1997,2041,2136,2027,1657,1130,1987,2150,2425,2987,2131,1943,1964
포즈_411,2008,1386,2381,2293,2014,2016,2856,1601,1564,1999,2038,2133,2031,1657,1130,1990,2150,2424,2988,2129,1943,1964
포즈_412,2004,1389,2396,2354,2013,2013,2851,1587,1496,2001,2041,2130,2033,1657,1134,1990,2152,2423,2983,2127,1941,1965
포즈_413,1996,1392,2412,2399,2011,2012,2847,1572,1456,2006,2043,2132,2033,1657,1139,1989,2155,2422,2978,2126,1939,1966
포즈_414,2005,1309,2420,2266,2011,2020,2879,1631,1564,1998,2045,2127,2042,1655,1112,1988,2142,2425,3003,2128,1955,1964
포즈_415,2035,1291,2324,2211,2029,2043,2933,1712,1673,2003,2085,2120,2070,1656,1095,1986,2134,2427,3024,2137,1964,1961
포즈_416,2031,1300,2324,2210,2026,2043,2966,1341,1357,2004,2079,2120,2077,1656,1097,1987,2134,2427,3022,2136,1963,1961
포즈_417,2025,1279,2324,2187,2021,2031,2643,1672,1369,1996,2078,2120,2049,1656,1100,1988,2137,2427,3019,2135,1960,1960
포즈_418,2024,1326,2583,2492,2020,2032,2648,1658,1362,2004,2078,2120,2048,1656,1103,1985,2137,2427,3017,2134,1960,1960
포즈_419,2017,1417,2285,2262,2019,2026,2775,1703,1545,1998,2055,2120,2048,1656,1105,1986,2137,2427,3015,2132,1960,1960
포즈_420,2007,1294,2379,2313,2014,2030,2910,1690,1593,2011,2075,2108,2068,1656,1095,1983,2134,2427,3021,2137,1964,1961
포즈_421,2006,1294,2393,2316,2007,2030,2937,1327,1266,1965,2075,2108,2068,1656,1097,1984,2134,2427,3019,2136,1964,1960
포즈_422,2045,1413,2205,2205,2013,1981,2514,1873,1411,1954,2069,2104,2034,1656,1101,1985,2137,2426,3011,2135,1961,1959
포즈_423,2033,1054,2608,2299,2060,2050,2819,1679,1519,2018,2088,2121,2074,1655,1087,1982,2130,2428,3029,2140,1967,1960
포즈_424,2070,1364,2307,2281,2061,2048,2878,1686,1573,1996,2035,2121,2074,1656,1089,1984,2130,2428,3027,2139,1968,1960
포즈_425,2045,998,2663,2308,2081,2063,2812,1676,1521,2019,2083,2119,2079,1655,1087,1982,2129,2428,3032,2140,1967,1960
포즈_426,2107,1314,2315,2226,2082,2057,2855,1686,1574,2002,2026,2119,2056,1655,1089,1984,2131,2428,3030,2140,1967,1959
포즈_427,2056,1334,2332,2271,2059,2042,2886,1662,1568,1991,2056,2263,2061,1656,1078,1978,2125,2427,3041,2141,1971,1958
포즈_428,2047,1339,2337,2272,2034,2036,2916,1343,1263,1996,2067,2257,2034,1655,1075,1979,2125,2428,3041,2141,1973,1959
포즈_429,2041,1249,2343,2147,2031,2043,2733,1627,1416,2009,2075,2243,2080,1655,1082,1980,2126,2428,3038,2140,1969,1959
포즈_430,2038,1200,2235,2033,2030,2046,2814,1680,1513,2011,2077,2252,2079,1655,1088,1982,2130,2428,3030,2139,1967,1960
포즈_431,2038,1174,2564,2363,2031,2047,2811,1658,1524,2025,2079,2268,2080,1655,1089,1983,2130,2428,3029,2138,1966,1959
포즈_432,2036,1359,2378,2281,2030,2042,2908,1618,1604,2002,2089,2269,2082,1655,1096,1984,2134,2428,3025,2137,1963,1961
포즈_433,2011,1349,2416,2349,2010,2033,2982,1322,1318,1994,2081,2119,2076,1653,1067,1976,2122,2429,3049,2144,1974,1958
포즈_434,2013,1354,2435,2343,2005,2042,2785,1495,1353,1994,2079,2120,2090,1653,1072,1977,2125,2429,3044,2143,1970,1957
포즈_435,2062,1371,2257,2213,2032,2080,2812,1462,1292,1944,2050,2115,2085,1648,1029,1966,2103,2436,3080,2144,1984,1964
포즈_436,2064,1370,2258,2213,2032,2079,2834,1502,1374,1968,2046,2115,2170,1649,1033,1967,2106,2435,3077,2143,1980,1962
포즈_437,2064,1364,2255,2214,2032,1905,2662,1804,1492,1870,2051,2115,2279,1650,1036,1968,2108,2436,3075,2142,1981,1962
포즈_438,2039,1186,2462,2254,2023,1904,2849,1549,1410,1856,2054,2117,2279,1651,1041,1969,2111,2435,3067,2140,1979,1961
포즈_439,2036,1140,2370,2103,2019,1909,2888,1558,1451,1852,1965,1982,2151,1652,1045,1971,2113,2434,3063,2141,1977,1960
포즈_440,2036,1163,2614,2344,2019,1913,2893,1543,1457,1856,2088,1987,2154,1652,1047,1973,2116,2434,3061,2142,1977,1960
포즈_441,1946,1357,2176,2137,1921,1981,2767,1755,1539,1926,2053,2120,2052,1649,1030,1966,2102,2436,3079,2144,1985,1964
포즈_442,1944,1355,2190,2133,1906,1916,2837,1647,1504,1842,2055,2119,2135,1648,1033,1968,2104,2435,3075,2145,1982,1963
포즈_443,1936,1352,2204,2126,1894,1908,2901,1485,1441,1820,2057,2119,2116,1649,1038,1970,2107,2434,3070,2144,1979,1962
포즈_444,1943,1351,2203,2127,1893,1919,2803,1689,1529,1818,2053,2119,2159,1650,1042,1972,2109,2434,3068,2145,1979,1961
포즈_445,2062,1362,2252,2221,2039,2081,2875,1456,1342,1998,2052,2113,2151,1648,1031,1966,2103,2435,3077,2144,1984,1964
포즈_446,2061,1364,2252,2213,2040,1997,2719,1719,1459,1975,2052,2113,2225,1648,1034,1966,2103,2436,3075,2144,1984,1964
포즈_447,2052,1274,2506,2386,2038,2001,2725,1707,1462,1972,2088,2113,2222,1649,1037,1967,2103,2436,3073,2144,1984,1964
포즈_448,2046,1469,2276,2315,2038,2005,2722,1692,1470,1973,2220,2120,2222,1649,1040,1968,2105,2436,3071,2143,1983,1964
포즈_449,2043,1472,2289,2384,2031,2003,2718,1680,1399,1975,2218,1963,2223,1650,1045,1970,2108,2435,3066,2142,1981,1962
포즈_450,2063,1376,2266,2212,2037,1953,2813,1475,1347,1919,2046,2117,2305,1648,1031,1965,2103,2436,3078,2144,1983,1965
포즈_451,2066,1377,2264,2211,2037,1965,2719,1696,1481,1905,2046,2117,2318,1648,1034,1967,2105,2436,3078,2144,1980,1964
포즈_452,2066,1375,2265,2211,2036,1965,2720,1696,1481,1904,2047,1843,2318,1649,1036,1969,2105,2436,3075,2145,1980,1964
포즈_453,2062,1275,2514,2362,2033,1970,2723,1675,1493,1908,2300,1845,2324,1648,1039,1971,2106,2435,3073,2146,1979,1964
포즈_454,2062,1437,2513,2563,2033,1973,2728,1653,1353,1916,2330,1845,2321,1649,1043,1972,2107,2435,3077,2147,1982,1963
포즈_455,2076,1572,2238,2418,2033,1974,2720,1635,1360,1921,2333,1845,2326,1649,1045,1973,2108,2435,3074,2146,1979,1963
포즈_456,2051,1353,2271,2223,2033,2079,2877,1462,1338,1891,2054,2120,2148,1650,1042,1964,2103,2434,3074,2142,1987,1965
포즈_457,2054,1367,2269,2204,2033,1988,2712,1701,1462,1890,2055,2115,2228,1649,1040,1968,2106,2434,3071,2143,1981,1963
포즈_458,2131,1297,2472,2345,2188,2085,2753,1698,1467,2056,2240,2103,2057,1648,1026,1966,2102,2436,3079,2144,1985,1964
포즈_459,2177,1319,2209,2133,2188,2091,2758,1685,1473,2062,2256,2109,2052,1648,1029,1968,2104,2436,3076,2144,1983,1963
포즈_460,2167,1314,2216,2131,2188,2090,2968,1590,1565,2095,2252,2109,2238,1648,1031,1966,2106,2436,3074,2143,1983,1965
456 대칭,2061,1246,2489,2359,2205,2089,2770,1680,1474,2063,1959,2120,2053,1636,1032,1963,2093,2420,3064,2141,1977,1965
457 대칭,2152,1411,2250,2235,2206,2086,2756,1682,1493,2063,1879,2115,2052,1636,1035,1962,2099,2421,3066,2137,1974,1963
447 대칭,2139,1398,2244,2235,2124,2088,2849,1445,1311,2058,1885,2113,2019,1634,1033,1961,2096,2421,3069,2138,1977,1964
포즈_464,2020,1383,2427,2421,2097,2082,2747,1695,1469,2049,1963,2115,2062,1649,1028,1966,2102,2436,3080,2143,1990,1964
포즈_465,2120,1507,2244,2327,2119,2073,2741,1677,1473,2038,1946,2115,2064,1648,1030,1968,2102,2436,3078,2142,1987,1964
포즈_466,2114,1511,2256,2333,2117,2073,2724,1514,1228,2024,1947,2118,1918,1648,1032,1970,2104,2436,3076,2140,1987,1964
포즈_467,2060,1364,2412,2382,2146,2083,2757,1695,1463,2038,1951,2112,2056,1648,1033,1966,2102,2436,3076,2145,1990,1964
포즈_468,2163,1492,2237,2315,2147,2078,2754,1677,1468,2036,1942,2112,2060,1648,1036,1967,2103,2436,3074,2144,1986,1964
포즈_469,2155,1494,2252,2320,2145,2079,2693,1540,1295,2035,1947,2121,2053,1648,1039,1963,2105,2436,3072,2143,1987,1964
포즈_470,2070,1471,2390,2434,2135,2092,2761,1676,1468,2043,1914,2110,2054,1649,1040,1968,2105,2436,3073,2147,1993,1964
포즈_471,2118,1496,2288,2407,2135,2085,2757,1660,1426,2052,1913,2106,2050,1650,1045,1969,2108,2436,3071,2145,1990,1964
포즈_472,2118,1500,2297,2414,2135,2081,2801,1435,1194,2047,1913,2106,2051,1650,1047,1969,2107,2436,3069,2144,1990,1965
포즈_473,2057,1349,2497,2464,2194,2071,2755,1700,1461,2056,1991,2105,2061,1648,1031,1965,2103,2436,3078,2144,1985,1964
포즈_474,2168,1467,2291,2367,2196,2067,2755,1682,1464,2054,1947,2111,2064,1648,1033,1966,2103,2435,3076,2144,1985,1965
포즈_475,2193,1513,2212,2309,2195,2078,2752,1667,1469,2054,1951,2111,2061,1648,1036,1967,2103,2436,3074,2143,1984,1964
포즈_476,2192,1519,2218,2306,2194,2078,2758,1516,1266,2110,1953,2112,2091,1648,1039,1969,2105,2436,3072,2142,1984,1964
포즈_477,2190,1520,2236,2300,2165,2093,2669,1531,1273,2082,1956,2117,2136,1649,1041,1969,2107,2435,3069,2142,1980,1963
포즈_478,2056,1318,2497,2491,2197,2081,2754,1693,1468,2055,1931,2111,2057,1648,1028,1965,2103,2436,3078,2144,1984,1964
포즈_479,2178,1541,2217,2340,2197,2078,2748,1676,1473,2058,1933,2111,2060,1648,1031,1966,2103,2436,3076,2144,1984,1964
포즈_480,2169,1557,2250,2439,2197,2082,2626,1550,1159,2120,1929,2113,2095,1649,1037,1964,2106,2435,3073,2141,1980,1965
포즈_481,2060,1358,2418,2411,2196,2127,2756,1695,1460,2057,1996,2107,2058,1649,1032,1966,2102,2436,3077,2145,1984,1963
포즈_482,2198,1484,2222,2292,2193,2119,2754,1670,1463,2062,1928,2111,2060,1650,1042,1968,2105,2435,3071,2144,1981,1962
포즈_483,2194,1489,2252,2292,2171,2124,2763,1489,1255,2078,1926,2104,2060,1652,1049,1970,2108,2435,3067,2136,1975,1961
포즈_484,2095,1490,2208,2250,2098,2011,2690,1720,1486,1962,1984,2118,2053,1651,1046,1970,2108,2434,3067,2144,1978,1961
포즈_485,2095,1492,2213,2248,2098,2012,2683,1536,1282,1962,1987,2118,2059,1651,1048,1971,2110,2435,3065,2143,1977,1961
포즈_486,2144,1313,2452,2405,2188,2082,2745,1697,1468,2055,1921,2116,2058,1649,1030,1965,2102,2436,3078,2144,1984,1965
포즈_487,2082,1494,2199,2276,2067,2019,2668,1707,1411,1952,1914,2114,2017,1650,1037,1967,2106,2435,3074,2144,1981,1964
포즈_488,2083,1481,2194,2286,2067,2019,2653,1529,1185,1953,1915,2114,2008,1651,1040,1969,2105,2435,3072,2145,1981,1963
포즈_489,2094,1434,2187,2208,2085,2012,2741,1745,1521,1950,1932,2123,2026,1651,1042,1969,2109,2435,3071,2144,1978,1963
포즈_490,2095,1426,2193,2216,2084,2014,2757,1448,1227,1972,1935,2112,2029,1651,1045,1971,2110,2435,3069,2146,1978,1962
포즈_491,2052,1359,2373,2300,2025,2044,2920,1619,1607,1998,2107,2123,2076,1656,1095,1985,2133,2427,3024,2137,1964,1961
포즈_492,2023,1316,2416,2299,2024,2034,2918,1616,1610,2001,2023,2115,2074,1656,1096,1985,2133,2427,3024,2136,1964,1961
포즈_493,2025,1317,2404,2254,2028,2028,2922,1597,1616,1995,2028,2110,2071,1656,1100,1987,2136,2427,3020,2135,1961,1961
포즈_494,2186,1347,2463,2420,2158,2080,2746,1692,1470,2050,1910,2114,2062,1649,1028,1966,2103,2436,3078,2144,1985,1964
포즈_495,2183,1524,2223,2324,2159,2082,2753,1674,1470,2050,1890,2114,2063,1648,1030,1967,2104,2436,3076,2144,1984,1964
포즈_496,2156,1475,2273,2333,2159,2078,2751,1658,1472,2052,1891,2114,2061,1648,1032,1968,2104,2436,3074,2144,1984,1964
포즈_497,2154,1468,2275,2419,2158,2080,2817,1327,1111,2092,1890,2108,2032,1650,1036,1969,2106,2436,3072,2143,1984,1965
포즈_498,2182,1363,2497,2482,2213,2083,2746,1694,1467,2056,1820,2114,2057,1648,1028,1965,2102,2436,3080,2144,1984,1965
포즈_499,2182,1575,2193,2339,2213,2083,2739,1673,1472,2061,1837,2114,2061,1648,1030,1967,2104,2436,3078,2144,1981,1964
포즈_500,2186,1577,2196,2396,2212,2083,2737,1662,1419,2066,1837,2114,2063,1648,1032,1968,2104,2436,3076,2143,1979,1965
포즈_501,2175,1568,2207,2411,2213,2083,2784,1458,1252,2127,1836,2104,2068,1648,1034,1966,2104,2436,3074,2141,1976,1967
포즈_502,2170,1455,2254,2284,2160,2091,2741,1678,1471,2061,1851,2117,2059,1649,1037,1967,2107,2435,3072,2144,1981,1964
포즈_503,2163,1461,2273,2282,2160,2090,2791,1393,1248,2087,1852,2117,1991,1649,1040,1972,2112,2435,3070,2147,1982,1966
포즈_504,2163,1460,2281,2399,2160,2090,2793,1396,1169,2090,1846,2109,1993,1649,1043,1971,2111,2435,3068,2144,1980,1966
포즈_505,2161,1288,2488,2389,2201,2082,2758,1689,1461,2050,1845,2117,2065,1648,1033,1967,2104,2436,3077,2143,1985,1964
포즈_506,2176,1397,2288,2291,2177,2082,2761,1673,1466,2058,1864,2116,2058,1648,1036,1968,2104,2436,3075,2141,1984,1964
포즈_507,2170,1395,2308,2366,2178,2082,2804,1468,1258,2084,1858,2100,2003,1649,1039,1967,2106,2436,3073,2140,1982,1964
포즈_508,2279,1345,2485,2432,2292,2069,2745,1690,1470,2052,1783,2117,2064,1649,1030,1966,2103,2436,3078,2144,1989,1965
포즈_509,2218,1506,2209,2295,2252,2075,2739,1668,1451,2060,1853,2113,2061,1649,1035,1967,2105,2435,3075,2143,1986,1965
포즈_510,2171,1490,2338,2374,2225,2072,2779,1442,1287,2103,1892,2112,2028,1650,1039,1968,2107,2435,3071,2141,1982,1964
포즈_511,2177,1497,2344,2402,2220,2085,2701,1422,1185,2074,1894,2112,2035,1650,1042,1969,2109,2435,3068,2139,1979,1964
포즈_512,2028,1081,2451,2129,2067,2082,2741,1687,1477,2052,2079,2117,2067,1649,1032,1965,2103,2437,3078,2144,1984,1966
포즈_513,2044,1216,2322,2057,2067,2077,2734,1669,1488,2059,2076,2123,2069,1649,1035,1966,2105,2437,3076,2143,1984,1966
포즈_514,2045,1210,2327,2047,2065,2074,3044,1605,1762,2059,2076,2122,2064,1649,1037,1967,2106,2437,3074,2142,1984,1967
포즈_515,2047,1210,2326,2046,2065,2076,2969,1738,1794,2038,2076,2105,2072,1649,1039,1968,2107,2437,3072,2140,1983,1967
포즈_516,2059,1157,2424,2216,2055,2083,2752,1695,1467,2048,2051,2119,2062,1648,1032,1966,2102,2437,3078,2147,1984,1966
포즈_517,2057,1264,2294,2135,2056,2085,2751,1677,1473,2051,2046,2109,2058,1648,1035,1968,2103,2436,3076,2146,1982,1966
포즈_518,2059,1260,2309,2126,2054,2085,3042,1508,1610,2034,2044,2114,2061,1649,1038,1970,2104,2436,3074,2143,1980,1967
포즈_519,2059,1259,2308,2125,2054,2079,2915,1670,1662,2026,2045,2113,2056,1649,1040,1971,2105,2436,3072,2142,1979,1966
포즈_520,2054,1214,2388,2216,2065,2084,2754,1697,1466,2048,2044,2112,2062,1648,1032,1965,2103,2436,3076,2146,1984,1964
포즈_521,2056,1281,2289,2162,2066,2083,2756,1678,1470,2050,2043,2111,2061,1649,1034,1966,2103,2436,3074,2145,1982,1965
포즈_522,2053,1274,2300,2169,2063,2083,3062,1494,1570,2028,2045,2111,2056,1649,1036,1967,2105,2436,3072,2143,1981,1965
포즈_523,2055,1274,2301,2164,2062,2065,2901,1693,1616,2028,2040,2111,2049,1649,1038,1968,2105,2436,3070,2141,1979,1965
포즈_524,2052,1238,2333,2147,2059,2067,2905,1678,1622,2033,2043,2110,2044,1650,1044,1970,2108,2435,3066,2140,1976,1965
포즈_525,2065,1175,2433,2235,2057,2076,2757,1701,1461,2047,2062,2116,2054,1649,1032,1965,2103,2436,3077,2144,1985,1964
포즈_526,2066,1253,2264,2120,2057,2080,2760,1688,1466,2047,2054,2116,2055,1649,1034,1967,2102,2436,3075,2144,1985,1964
포즈_527,2067,1250,2272,2122,2052,2080,3102,1415,1525,2032,2057,2116,2050,1650,1037,1969,2106,2436,3073,2144,1983,1964
포즈_528,2068,1250,2272,2116,2052,2080,2932,1710,1675,2028,2056,2116,2052,1650,1040,1971,2106,2436,3071,2144,1983,1964
포즈_529,2067,1209,2468,2254,2077,2080,2755,1697,1462,2048,2054,2116,2057,1648,1031,1965,2103,2436,3077,2144,1985,1964
포즈_530,2068,1288,2288,2169,2077,2081,2758,1679,1467,2048,2047,2116,2059,1648,1034,1967,2103,2436,3075,2144,1983,1964
포즈_531,2077,1287,2299,2167,2073,2081,3097,1440,1538,2025,2051,2115,2051,1648,1036,1969,2103,2436,3073,2144,1982,1964
포즈_532,2076,1287,2298,2165,2074,2080,2926,1661,1627,2020,2051,2116,2057,1649,1039,1971,2103,2435,3071,2144,1983,1964
포즈_533,2073,1285,2297,2165,2074,2057,2916,1678,1635,2020,2048,2116,2041,1648,1042,1972,2105,2436,3069,2144,1980,1964
포즈_534,2082,1284,2319,2161,2068,2065,2926,1625,1612,2009,2050,2115,2046,1649,1042,1971,2106,2435,3068,2144,1979,1962
포즈_535,2063,1209,2423,2227,2076,2070,2754,1698,1466,2050,2056,2117,2055,1649,1031,1965,2102,2436,3079,2144,1984,1964
포즈_536,2063,1249,2325,2172,2101,2066,2759,1685,1469,2054,2046,2117,2053,1648,1033,1967,2104,2436,3077,2144,1985,1965
포즈_537,2070,1246,2328,2176,2100,2066,3091,1434,1502,2049,2047,2118,2042,1648,1036,1968,2104,2436,3075,2144,1985,1965
포즈_538,2085,1351,2336,2262,2097,2081,2852,1631,1531,2050,2046,2110,2046,1649,1040,1969,2107,2436,3072,2144,1982,1964
포즈_539,2083,1282,2326,2160,2074,2085,3045,1439,1558,2027,2047,2114,2056,1649,1041,1971,2106,2435,3069,2144,1979,1963
포즈_540,2082,1194,2445,2252,2112,2076,2758,1701,1461,2051,2048,2114,2055,1648,1033,1965,2104,2436,3075,2144,1985,1965
포즈_541,2092,1273,2283,2166,2112,2078,2761,1688,1466,2054,2041,2115,2056,1649,1036,1966,2103,2436,3073,2143,1985,1965
포즈_542,2093,1298,2330,2242,2111,2078,2745,1648,1400,2057,2079,2119,2062,1649,1041,1968,2105,2436,3071,2142,1984,1965
포즈_543,2096,1288,2330,2246,2109,2079,3007,1402,1396,2051,2087,2119,2071,1648,1044,1970,2105,2436,3069,2142,1985,1965
포즈_544,2096,1288,2330,2240,2109,2079,2906,1636,1548,2046,2084,2119,2078,1649,1046,1972,2105,2436,3067,2141,1984,1965
포즈_545,2101,1304,2420,2358,2110,2074,2914,1551,1461,2046,2095,2111,2096,1648,1048,1974,2105,2436,3065,2140,1982,1965
포즈_546,2064,1173,2485,2259,2085,2076,2755,1693,1466,2056,2054,2103,2056,1649,1032,1965,2103,2436,3077,2144,1984,1964
포즈_547,2063,1248,2317,2154,2086,2071,2756,1681,1468,2059,2070,2103,2052,1648,1034,1967,2103,2436,3075,2144,1985,1964
포즈_548,2050,1320,2318,2196,2075,2072,2956,1515,1534,2031,2093,2104,2067,1649,1037,1969,2105,2436,3072,2143,1982,1963
포즈_549,2056,1326,2318,2189,2076,2053,2863,1682,1627,2026,2093,2103,2085,1649,1040,1971,2105,2435,3070,2142,1982,1963
포즈_550,2067,1155,2552,2282,2086,2081,2748,1693,1468,2051,2063,2114,2057,1649,1028,1965,2104,2436,3079,2144,1984,1964
포즈_551,2072,1278,2302,2152,2086,2078,2747,1677,1475,2051,2059,2113,2061,1649,1030,1966,2103,2436,3077,2144,1984,1964
포즈_552,2076,1272,2309,2148,2081,2078,3097,1383,1498,2051,2062,2113,2039,1648,1032,1967,2104,2436,3075,2143,1984,1963
포즈_553,2049,1324,2332,2220,2082,2064,2835,1672,1575,2045,2028,2114,2033,1648,1035,1968,2107,2435,3072,2141,1981,1963
포즈_554,2054,1325,2348,2239,2076,2070,2849,1618,1519,2041,2024,2121,2023,1649,1039,1970,2109,2435,3069,2140,1978,1962
포즈_555,2083,1295,2317,2145,2082,2075,2742,1657,1483,2045,2071,2115,2058,1650,1035,1968,2106,2435,3073,2144,1981,1963
포즈_556,2046,1326,2344,2217,2055,2049,2862,1650,1588,2023,2031,2118,2029,1649,1044,1969,2110,2434,3068,2140,1978,1961
포즈_557,2062,1149,2471,2230,2106,2081,2747,1698,1468,2049,2069,2119,2062,1648,1028,1965,2103,2436,3079,2144,1985,1964
포즈_558,2065,1250,2303,2130,2106,2070,2749,1684,1472,2048,2060,2119,2055,1648,1030,1967,2103,2436,3077,2144,1985,1964
포즈_559,2070,1248,2309,2127,2103,2069,3055,1448,1538,2047,2057,2119,2055,1649,1032,1969,2105,2436,3075,2143,1984,1964
포즈_560,2093,1414,2243,2253,2103,2054,2744,1735,1506,2032,2033,2119,2011,1649,1035,1971,2106,2435,3073,2142,1984,1964
포즈_561,2085,1393,2282,2286,2093,2060,2780,1680,1474,2032,2047,2119,2047,1651,1039,1972,2109,2434,3069,2141,1982,1963
포즈_562,2063,1289,2320,2142,2074,2076,2741,1658,1484,2045,2070,2113,2058,1650,1036,1968,2107,2435,3070,2144,1980,1963
포즈_563,2044,1320,2341,2218,2051,2053,2856,1638,1550,2008,2024,2116,2027,1650,1042,1969,2110,2434,3068,2139,1978,1962
포즈_564,2074,1369,2253,2221,2043,2063,3009,1392,1386,1981,2046,2112,2053,1648,1028,1966,2103,2436,3079,2144,1985,1964
포즈_565,2102,1357,2334,2190,2101,2060,2830,1647,1587,2038,2054,2118,2037,1649,1040,1970,2111,2435,3069,2139,1978,1962
포즈_566,2055,1326,2356,2211,2087,2024,2852,1640,1585,2013,2024,2109,2023,1650,1041,1969,2110,2434,3067,2139,1978,1962
포즈_567,2063,1226,2473,2270,2100,2081,2747,1700,1470,2048,2075,2116,2057,1648,1027,1966,2102,2436,3079,2144,1984,1966
포즈_568,2070,1292,2288,2162,2099,2077,2749,1688,1475,2049,2069,2116,2056,1649,1029,1968,2102,2436,3077,2143,1984,1966
포즈_569,2074,1287,2300,2160,2095,2077,3119,1385,1510,2017,2068,2116,2055,1648,1031,1969,2104,2436,3075,2142,1984,1966
포즈_570,2085,1389,2314,2259,2095,2060,2798,1645,1511,2018,2071,2117,2060,1649,1033,1971,2104,2436,3073,2138,1981,1967
포즈_571,2067,1155,2594,2311,2099,2087,2755,1673,1473,2056,2074,2109,2055,1649,1033,1968,2105,2435,3071,2143,1981,1967
포즈_572,2112,1281,2283,2116,2118,2074,2744,1671,1484,2043,2064,2105,2051,1650,1034,1969,2105,2434,3070,2141,1981,1967
포즈_573,2067,1124,2548,2287,2090,2081,2754,1699,1462,2049,2077,2116,2056,1649,1031,1966,2103,2436,3079,2144,1984,1966
포즈_574,2081,1271,2270,2143,2091,2077,2758,1686,1466,2045,2043,2116,2056,1648,1033,1967,2104,2436,3077,2144,1984,1966
포즈_575,2087,1270,2275,2143,2087,2076,3138,1358,1502,2019,2041,2116,2039,1649,1035,1969,2105,2436,3075,2144,1984,1966
포즈_576,2088,1381,2277,2226,2088,2057,2806,1679,1540,2021,2051,2120,2044,1649,1037,1971,2105,2435,3073,2143,1980,1966
포즈_577,2087,1383,2280,2223,2083,2063,2817,1657,1522,2021,2052,2122,2045,1650,1042,1979,2110,2435,3069,2130,1978,1967
포즈_578,2085,1448,2100,2140,2078,2046,2689,1827,1552,2002,2064,2107,2073,1648,1027,1966,2103,2436,3079,2144,1984,1965
포즈_579,2083,1135,2400,2114,2081,2050,2691,1814,1555,2007,2074,2107,2070,1648,1029,1967,2104,2436,3077,2144,1984,1964
포즈_580,2089,1375,2118,2059,2081,2050,2696,1804,1561,2008,2079,2107,2072,1649,1031,1968,2105,2436,3075,2144,1984,1965
포즈_581,2093,1379,2118,2062,2079,2049,3029,1478,1572,1991,2077,2107,2077,1648,1033,1970,2106,2436,3073,2144,1982,1964
포즈_582,2093,1372,2118,2058,2080,2048,2821,1846,1723,1991,2081,2107,2092,1650,1038,1972,2110,2435,3071,2144,1982,1964
포즈_583,2091,1501,2112,2174,2072,2054,2699,1814,1575,2000,2078,2108,2088,1651,1042,1974,2113,2434,3067,2142,1979,1963
포즈_584,2083,1502,2131,2278,2062,2057,2696,1796,1469,2004,2075,2108,2090,1652,1047,1976,2117,2434,3063,2141,1977,1962
포즈_585,2018,1319,2415,2250,2018,2030,2943,1576,1616,2004,2028,2100,2025,1658,1105,2004,2124,2427,3015,2116,1973,1960
포즈_586,2145,1325,2497,2406,2140,2083,2754,1701,1467,2051,1942,2110,2057,1649,1028,1966,2103,2436,3079,2144,1985,1965
포즈_587,2143,1391,2267,2246,2140,2082,2752,1687,1470,2053,1938,2110,2054,1649,1030,1968,2105,2436,3077,2143,1984,1965
포즈_588,2142,1384,2269,2247,2140,2082,2895,1394,1300,2053,1940,2111,2053,1649,1032,1969,2105,2436,3075,2141,1984,1965
포즈_589,2076,1295,2445,2409,2198,2081,2747,1697,1467,2051,1922,2114,2060,1649,1032,1965,2103,2436,3076,2144,1984,1964
포즈_590,2182,1485,2221,2277,2198,2078,2741,1679,1472,2051,1921,2114,2062,1648,1034,1966,2104,2436,3074,2143,1984,1964
포즈_591,2189,1477,2225,2284,2195,2080,2779,1423,1274,2052,1922,2114,2056,1648,1036,1968,2103,2435,3072,2143,1981,1964
포즈_592,2141,1425,2434,2451,2296,2075,2739,1675,1476,2062,1916,2108,2056,1649,1036,1967,2107,2435,3067,2143,1980,1965
포즈_593,2235,1550,2185,2275,2275,2080,2734,1659,1481,2067,1916,2108,2055,1649,1039,1967,2107,2435,3065,2142,1981,1965
포즈_594,2237,1548,2183,2282,2274,2079,2948,1255,1285,2070,1920,2109,2047,1649,1041,1968,2108,2435,3063,2141,1980,1965
포즈_595,2144,1458,2266,2305,2161,2079,2748,1680,1472,2059,1882,2105,2056,1648,1035,1967,2105,2436,3073,2143,1981,1963
포즈_596,2151,1445,2271,2310,2159,2081,2889,1314,1267,2062,1884,2110,2039,1649,1038,1968,2105,2436,3071,2132,1974,1964
포즈_597,2141,1464,2268,2314,2167,2074,2743,1679,1472,2056,1886,2107,2063,1649,1035,1966,2106,2437,3073,2144,1981,1964
포즈_598,2149,1466,2274,2316,2165,2075,2894,1403,1311,2058,1885,2107,2055,1649,1037,1967,2107,2437,3071,2143,1981,1964
포즈_599,2154,1316,2413,2402,2224,2082,2749,1697,1468,2049,1880,2109,2054,1648,1036,1966,2104,2436,3076,2144,1984,1964
포즈_600,2208,1514,2186,2266,2223,2081,2744,1679,1477,2056,1859,2108,2055,1649,1038,1968,2105,2436,3074,2144,1983,1964
포즈_601,2215,1503,2185,2276,2224,2081,2839,1388,1286,2057,1861,2110,2045,1648,1040,1970,2105,2436,3072,2143,1973,1963
포즈_602,2070,1291,2490,2384,2070,2086,2747,1701,1467,2059,2050,2106,2056,1648,1034,1965,2102,2436,3078,2144,1984,1964
포즈_603,2070,1445,2274,2296,2070,2087,2742,1686,1471,2061,2051,2106,2058,1648,1036,1966,2103,2436,3076,2144,1984,1964
포즈_604,2069,1372,2321,2231,2070,2087,2806,1656,1543,2063,2056,2106,2053,1648,1038,1967,2104,2436,3074,2143,1984,1964
포즈_605,2070,1366,2324,2239,2070,2087,2864,1366,1283,2062,2053,2106,2052,1648,1040,1969,2104,2436,3072,2141,1983,1964
포즈_606,2072,1372,2325,2231,2070,2088,2684,1635,1396,2055,2059,2106,2061,1648,1042,1970,2105,2436,3070,2139,1984,1963
포즈_607,2074,1375,2289,2227,2070,2089,2684,1666,1404,2055,2059,2106,2061,1648,1045,1971,2105,2436,3068,2139,1983,1962
포즈_608,2074,1375,2336,2361,2068,2098,2679,1622,1270,2063,2060,2100,2062,1649,1047,1972,2108,2435,3065,2138,1981,1962
포즈_609,2071,1325,2463,2394,2063,2087,2752,1703,1467,2058,2049,2106,2057,1648,1031,1966,2103,2436,3078,2144,1984,1964
포즈_610,2064,1423,2290,2285,2063,2085,2746,1685,1474,2060,2049,2106,2059,1648,1033,1968,2104,2436,3076,2144,1984,1963
포즈_611,2065,1415,2288,2294,2062,2087,2787,1463,1253,2055,2052,2106,2058,1648,1035,1970,2105,2436,3074,2143,1983,1962
포즈_612,2070,1368,2340,2283,2063,2089,2697,1617,1358,2054,2056,2107,2062,1649,1037,1972,2105,2436,3072,2142,1984,1962
포즈_613,2071,1372,2358,2376,2063,2093,2693,1599,1270,2059,2058,2109,2060,1650,1042,1974,2108,2436,3067,2141,1981,1961
포즈_614,2058,1329,2417,2337,2063,2083,2752,1698,1467,2048,2051,2108,2056,1649,1027,1965,2103,2436,3079,2144,1984,1964
포즈_615,2058,1422,2279,2288,2063,2079,2757,1685,1468,2048,2047,2108,2053,1648,1029,1967,2104,2436,3077,2143,1984,1963
포즈_616,2065,1364,2299,2241,2063,2089,2819,1658,1518,2048,2046,2108,2049,1648,1031,1969,2105,2436,3075,2143,1983,1963
포즈_617,2063,1357,2299,2248,2062,2089,2876,1469,1335,2040,2052,2108,2056,1648,1033,1970,2105,2436,3073,2142,1983,1962
포즈_618,2069,1357,2301,2241,2062,2090,2718,1631,1384,2041,2050,2108,2063,1648,1035,1972,2105,2435,3071,2142,1983,1962
포즈_619,2070,1284,2336,2220,2063,2089,2777,1607,1405,2041,2049,2108,2056,1649,1037,1973,2105,2436,3069,2141,1983,1962
포즈_620,2062,1386,2321,2241,2060,2087,2654,1662,1401,2054,2060,2113,2058,1649,1040,1973,2110,2435,3067,2140,1979,1961
포즈_621,2062,1391,2342,2263,2056,2095,2643,1633,1360,2056,2058,2108,2060,1650,1044,1975,2114,2434,3063,2139,1974,1959
포즈_622,2065,1398,2362,2393,2055,2100,2640,1615,1248,2058,2056,2104,2056,1651,1048,1977,2118,2434,3059,2138,1971,1958
포즈_623,2067,1406,2379,2388,2056,2095,2610,1599,1238,2053,2053,2101,2059,1652,1055,1978,2122,2434,3054,2137,1969,1957
포즈_624,2065,1371,2249,2221,2035,2075,2855,1483,1336,1985,2051,2110,2050,1648,1028,1966,2103,2436,3079,2144,1985,1963
포즈_625,2069,1362,2246,2220,2035,2068,2729,1661,1392,1986,2049,2110,2050,1648,1031,1968,2104,2436,3077,2144,1984,1961
포즈_626,2069,1338,2256,2177,2032,2064,2742,1654,1430,1986,2042,2110,2045,1648,1033,1970,2105,2435,3074,2144,1982,1959
포즈_627,2068,1315,2513,2413,2033,2065,2748,1645,1425,1986,2047,2110,2039,1648,1035,1972,2105,2436,3072,2144,1982,1958
포즈_628,2061,1447,2277,2302,2032,2061,2750,1628,1421,1986,2047,2110,2036,1649,1037,1974,2105,2436,3070,2144,1980,1957
포즈_629,2061,1429,2270,2271,2033,2060,2761,1642,1449,1986,2047,2110,2029,1649,1040,1976,2105,2436,3068,2144,1978,1955
포즈_630,2063,1362,2247,2222,2027,2080,2924,1446,1336,2007,2052,2109,2044,1648,1029,1966,2104,2436,3079,2144,1984,1964
포즈_631,2069,1370,2248,2216,2026,2080,2719,1652,1385,2007,2047,2109,2051,1648,1031,1968,2103,2436,3077,2144,1984,1963
포즈_632,2052,1368,2276,2253,2031,2055,2724,1666,1391,2003,2046,2108,2041,1649,1033,1970,2107,2436,3075,2144,1983,1962
포즈_633,2051,1349,2497,2439,2046,2061,2730,1654,1386,2006,2047,2108,2037,1648,1035,1971,2107,2436,3073,2144,1982,1961
포즈_634,2057,1433,2290,2341,2046,2057,2733,1645,1383,2006,2023,2108,2034,1648,1039,1972,2109,2436,3071,2144,1981,1960
포즈_635,2057,1405,2283,2290,2046,2057,2758,1653,1432,2006,2020,2108,2028,1649,1042,1973,2109,2436,3069,2144,1981,1958
포즈_636,2065,1372,2248,2220,2032,2078,2868,1472,1332,2024,2052,2110,2044,1648,1029,1965,2103,2436,3079,2144,1984,1964
포즈_637,2066,1372,2251,2215,2032,2080,2696,1672,1395,2024,2049,2110,2051,1648,1031,1966,2104,2436,3077,2144,1984,1963
포즈_638,2037,1372,2247,2220,2027,2068,2675,1714,1407,2024,2047,2110,2048,1648,1033,1968,2103,2436,3075,2144,1984,1962
포즈_639,2037,1409,2444,2430,2027,2073,2682,1706,1404,2024,2052,2110,2040,1648,1035,1969,2103,2435,3073,2144,1984,1962
포즈_640,2041,1481,2239,2315,2027,2068,2678,1692,1406,2024,2032,2110,2038,1648,1037,1970,2104,2436,3071,2143,1984,1962
포즈_641,2041,1450,2261,2320,2027,2071,2723,1684,1406,2024,2039,2118,2040,1648,1040,1990,2098,2436,3069,2135,1979,1961
포즈_642,2041,1490,2259,2374,2025,2072,2672,1662,1328,2025,2029,2104,2040,1649,1043,1972,2107,2436,3067,2142,1981,1960
포즈_643,2056,1359,2275,2237,2053,2068,2916,1442,1334,2024,2056,2110,2054,1648,1035,1966,2104,2436,3076,2144,1984,1963
포즈_644,2056,1353,2275,2232,2053,2075,2729,1653,1399,2024,2054,2111,2058,1649,1038,1968,2105,2436,3074,2144,1983,1961
포즈_645,2061,1318,2303,2193,2054,2069,2755,1644,1446,2024,2059,2111,2050,1648,1041,1969,2106,2436,3072,2144,1981,1962
포즈_646,2060,1227,2539,2374,2054,2073,2761,1640,1439,2024,2071,2111,2051,1649,1043,1971,2106,2436,3070,2144,1981,1960
포즈_647,2062,1417,2326,2302,2054,2068,2756,1622,1444,2024,2045,2107,2052,1649,1046,1973,2108,2436,3068,2143,1979,1959
포즈_648,2062,1373,2317,2254,2054,2069,2798,1633,1491,2024,2044,2107,2046,1649,1048,1975,2108,2436,3066,2143,1979,1959
포즈_649,2056,1379,2334,2249,2050,2073,2793,1615,1497,2030,2045,2103,2043,1650,1054,1976,2111,2435,3062,2141,1976,1958
포즈_650,2055,1405,2352,2281,2050,2070,2748,1601,1451,2030,2043,2109,2050,1650,1051,1974,2111,2435,3065,2141,1976,1958
포즈_651,2056,1425,2350,2335,2049,2065,2751,1596,1414,2030,2044,2112,2051,1650,1052,1974,2112,2435,3063,2142,1976,1957
포즈_652,2050,1408,2376,2309,2047,2070,2746,1575,1419,2033,2045,2115,2049,1652,1056,1974,2116,2434,3058,2142,1972,1955
포즈_653,2047,1416,2397,2398,2047,2067,2740,1552,1334,2034,2042,2117,2048,1653,1062,1975,2122,2434,3053,2141,1969,1954
포즈_654,2053,1387,2365,2319,2047,2070,2790,1581,1431,2033,2043,2104,2041,1652,1060,1977,2117,2434,3057,2140,1973,1956
포즈_655,2051,1355,2297,2234,2044,2075,2953,1336,1319,2041,2053,2105,2051,1649,1043,1968,2108,2436,3070,2144,1981,1961
포즈_656,2060,1243,2586,2380,2046,2082,2759,1616,1442,2032,2044,2106,2055,1650,1047,1973,2111,2435,3065,2144,1977,1958
포즈_657,2044,1425,2413,2501,2043,2071,2741,1529,1235,2037,2042,2111,2044,1654,1069,1977,2124,2433,3049,2140,1970,1954
포즈_658,2068,1362,2250,2223,2043,2081,2921,1453,1354,2034,2054,2114,2049,1648,1030,1965,2103,2436,3081,2144,1984,1964
포즈_659,2060,1314,2253,2141,2042,2081,2774,1684,1502,2034,2049,2117,2057,1648,1032,1967,2106,2436,3078,2143,1981,1963
포즈_660,2060,1230,2575,2369,2043,2078,2781,1676,1500,2035,2045,2116,2051,1648,1034,1968,2106,2436,3076,2141,1981,1962
포즈_661,2046,1362,2310,2238,2043,2077,2783,1661,1505,2036,2060,2116,2049,1648,1037,1969,2106,2436,3074,2140,1981,1962
포즈_662,2048,1325,2301,2212,2043,2078,2831,1667,1534,2036,2065,2116,2051,1648,1040,1970,2106,2436,3072,2139,1981,1962
포즈_663,2065,1363,2252,2223,2035,2077,2965,1386,1322,2016,2051,2109,2049,1648,1028,1966,2103,2436,3079,2144,1984,1963
포즈_664,2065,1363,2253,2220,2035,2076,2966,1389,1318,2016,2051,2109,2049,1648,1028,1966,2103,2436,3079,2144,1984,1964
포즈_665,2069,1365,2252,2217,2035,2079,2723,1665,1403,2016,2049,2109,2047,1648,1030,1967,2104,2436,3077,2144,1983,1963
포즈_666,2041,1253,2249,2108,2031,2069,2840,1679,1520,2016,2055,2109,2043,1648,1032,1969,2104,2436,3075,2143,1984,1961
포즈_667,2041,1272,2508,2305,2032,2068,2845,1661,1523,2020,2059,2110,2040,1649,1034,1970,2104,2436,3073,2142,1983,1961
포즈_668,2044,1317,2323,2226,2032,2064,2849,1644,1527,2020,2039,2110,2041,1648,1037,1972,2105,2436,3071,2140,1983,1960
포즈_669,2046,1299,2209,2089,2031,2070,2862,1765,1666,2020,2049,2109,2030,1648,1040,1973,2104,2436,3069,2138,1983,1958
포즈_670,2041,1349,2336,2244,2023,2067,2852,1621,1534,2019,2026,2108,2040,1649,1042,1974,2109,2435,3066,2138,1979,1959
포즈_671,2029,1313,2364,2218,2023,2060,2852,1603,1539,2018,2024,2108,2042,1649,1044,1975,2110,2435,3064,2137,1978,1958
포즈_672,2022,1263,2368,2183,2022,2057,2903,1605,1578,2019,2024,2105,2023,1651,1049,1976,2114,2435,3060,2136,1975,1957
포즈_673,2023,1292,2385,2184,2020,2057,2849,1584,1546,2021,2016,2108,2039,1650,1049,1976,2113,2434,3059,2136,1974,1957
포즈_674,2017,1294,2401,2273,2019,2057,2851,1566,1463,2023,2017,2113,2038,1652,1055,1978,2119,2434,3054,2134,1971,1956
포즈_675,2029,1285,2418,2263,2022,2062,2854,1543,1468,2027,2028,2114,2036,1653,1061,1979,2123,2434,3048,2132,1968,1955
포즈_676,2063,1283,2442,2254,2056,2059,2851,1519,1474,2026,2028,2112,2033,1654,1066,1980,2127,2434,3042,2131,1964,1953
포즈_677,2062,1282,2437,2257,2056,2059,2852,1526,1472,2026,2031,2112,2034,1654,1066,1980,2127,2434,3042,2131,1965,1954
포즈_678,2063,1280,2443,2257,2055,2060,2965,1308,1337,2025,2031,2112,2026,1654,1068,1981,2127,2434,3039,2130,1965,1953
포즈_679,2068,1282,2448,2252,2054,2068,2805,1483,1386,2025,2030,2112,2032,1654,1070,1983,2129,2434,3037,2129,1964,1953
포즈_680,2060,1201,2442,2214,2055,2065,2870,1505,1428,2026,2030,2112,2029,1654,1072,1984,2129,2434,3035,2128,1965,1953
포즈_681,2060,1096,2707,2381,2056,2061,2875,1496,1425,2027,2030,2112,2027,1654,1074,1984,2128,2434,3033,2127,1965,1953
포즈_682,2063,1267,2489,2302,2055,2073,2863,1468,1441,2037,2022,2116,2028,1654,1077,1986,2130,2434,3031,2125,1971,1951
포즈_683,2056,1279,2428,2378,2052,2064,2854,1534,1349,2033,2030,2106,2032,1655,1071,1983,2129,2433,3036,2122,1959,1958
포즈_684,2062,1398,2375,2391,2037,2073,2703,1555,1248,2011,2060,2107,2058,1652,1052,1979,2122,2434,3054,2137,1969,1957
포즈_685,2066,1279,2344,2216,2040,2084,2811,1573,1411,2024,2053,2110,2053,1650,1042,1975,2109,2435,3064,2139,1979,1961
포즈_686,2061,1326,2411,2334,2053,2062,2710,1739,1496,2021,2052,2112,2044,1650,1038,1967,2108,2435,3070,2144,1981,1963
포즈_687,2063,1427,2296,2285,2053,2080,2789,1628,1472,2033,2050,2107,2061,1649,1036,1969,2107,2435,3072,2141,1980,1961
포즈_688,2069,1369,2319,2234,2053,2083,2826,1602,1504,2024,2048,2111,2051,1649,1037,1971,2108,2435,3070,2142,1979,1962
포즈_689,2052,1360,2331,2242,2052,2085,2821,1442,1343,2027,2055,2100,2055,1649,1037,1967,2112,2435,3070,2140,1980,1960
포즈_690,2066,1285,2362,2239,2040,2090,2797,1554,1368,2030,2052,2105,2049,1654,1059,1981,2125,2434,3048,2136,1966,1955
포즈_691,2060,1402,2330,2268,2042,2084,2826,1594,1504,2038,2047,2109,2044,1650,1043,1971,2111,2434,3066,2140,1977,1960
포즈_692,2067,1368,2311,2358,2044,2089,2828,1611,1403,2036,2044,2103,2045,1651,1047,1975,2111,2433,3063,2137,1987,1961
포즈_693,2067,1364,2247,2222,2032,2081,2878,1428,1302,1992,2053,2116,2057,1649,1028,1966,2103,2436,3080,2144,1984,1964
포즈_694,2069,1365,2232,2215,2032,2054,2710,1694,1398,1993,2045,2109,2040,1648,1030,1968,2104,2436,3077,2144,1982,1963
포즈_695,2068,1363,2442,2410,2028,2054,2715,1682,1401,1993,2046,2109,2034,1648,1032,1970,2104,2436,3075,2144,1982,1963
포즈_696,2048,1442,2273,2317,2028,2047,2708,1666,1395,1991,2025,2099,2039,1649,1035,1972,2107,2436,3073,2143,1982,1962
포즈_697,2041,1448,2295,2379,2022,2044,2704,1644,1328,1997,2026,2102,2040,1650,1041,1973,2109,2435,3068,2142,1979,1961
포즈_698,2034,1388,2330,2294,2017,2049,2795,1599,1432,2004,2041,2106,2046,1652,1045,1974,2111,2435,3064,2140,1976,1960
포즈_699,2035,1323,2378,2287,2015,2059,2858,1553,1445,2006,2056,2101,2053,1653,1051,1976,2114,2434,3059,2139,1973,1959
포즈_700,2027,1320,2408,2285,2005,2064,2856,1533,1450,2011,2049,2098,2055,1654,1057,1978,2118,2434,3054,2137,1970,1958
포즈_701,2022,1322,2426,2364,2003,2064,2858,1513,1376,2010,2048,2100,2056,1655,1062,1980,2121,2434,3051,2136,1968,1957
포즈_702,2043,1330,2444,2368,2016,2061,2858,1494,1380,2009,2049,2093,2054,1656,1066,1982,2124,2434,3046,2135,1966,1956
포즈_703,2046,1391,2265,2255,2013,2059,2785,1641,1441,2002,2025,2113,2037,1650,1038,1972,2106,2435,3070,2144,1980,1961
포즈_704,2046,1377,2299,2262,2015,2067,2784,1624,1445,2003,2029,2116,2038,1652,1044,1974,2109,2434,3062,2144,1976,1960
포즈_705,2042,1376,2336,2256,2016,2062,2778,1605,1453,2004,2031,2113,2039,1653,1048,1976,2113,2435,3059,2144,1973,1958
포즈_706,2056,1209,2565,2374,2071,2080,2751,1698,1466,2052,2056,2117,2057,1648,1028,1966,2103,2436,3079,2144,1985,1964
포즈_707,2137,1376,2239,2201,2130,2081,2745,1683,1471,2045,2053,2117,2057,1648,1030,1967,2103,2436,3077,2144,1984,1963
포즈_708,2033,1299,2261,2161,1995,1977,2841,1673,1535,1921,2076,2121,2071,1649,1033,1969,2106,2435,3074,2144,1981,1962
포즈_709,2035,1289,2264,2155,1987,1976,3107,1356,1447,1922,2079,2121,2067,1650,1035,1971,2106,2435,3072,2144,1982,1962
포즈_710,1981,1256,2772,2783,2290,2259,2506,1916,1301,2328,2052,2112,2075,1512,1032,1725,2094,2442,2056,2975,1994,1972
포즈_711,1976,1255,2772,2783,2319,2266,2506,1916,1301,2328,2052,2115,2069,1512,1032,1725,2094,2442,2058,2964,1994,1972
포즈_712,2218,1425,2674,2754,2319,2198,2656,1928,1576,2201,2103,2132,2115,1510,1044,1813,2093,2440,2052,2945,2000,1981
포즈_713,2233,1470,2399,2591,2404,2243,2516,1928,1316,2298,2077,2129,2068,1512,1027,1958,2094,2440,2055,3026,1994,1968
포즈_714,1932,1616,2168,2580,1876,1987,3010,978,900,1777,2183,2120,2068,1516,2024,1254,2095,2435,3030,2439,1993,1964
포즈_715,1939,1625,2192,2590,1859,1989,3012,989,903,1794,2190,2119,2067,1516,2023,1271,2097,2434,3026,2186,1994,1962
포즈_716,1908,1616,2169,2536,1850,1998,3333,861,884,1805,2193,2118,2200,1516,2026,1262,2097,2435,3029,2248,1985,1965
포즈_717,1906,1613,2152,2451,1899,1988,3272,811,1030,1865,2175,2118,2070,1516,2026,1243,2097,2436,3033,2137,1992,1969
포즈_718,1907,1611,2152,2455,1898,1988,3271,810,884,1868,2175,2123,2071,1515,2026,1253,2097,2436,3030,2136,1991,1967
포즈_719,1895,1344,2409,2503,1890,1987,3276,840,1029,1869,2174,2122,2071,1516,2026,1245,2097,2436,3033,2138,1991,1967
포즈_720,1900,1343,2409,2503,1888,1948,2891,1472,1222,1875,2179,2123,2166,1517,2024,1991,2094,2435,3030,2139,1992,1966
포즈_721,1895,1335,2426,2508,1881,1943,2892,1465,1222,1876,2184,2128,2165,1518,1164,1993,2092,2436,3027,2139,1993,1965
포즈_722,1949,1259,2597,2419,1887,2006,2899,1283,1232,1896,2028,2120,2017,1519,1172,1995,2094,2436,3024,2140,1990,1964
포즈_723,1944,1244,2652,2540,1904,2000,2895,1265,1130,1914,2028,2119,2012,1520,1175,1997,2098,2436,3022,2139,1988,1963
포즈_724,1892,1330,2447,2514,1873,1854,2868,1490,1230,1801,2187,2129,2203,1519,1170,1994,2093,2436,3024,2138,1995,1965
포즈_725,1883,1334,2423,2512,1879,1990,3278,845,1027,1748,2180,2115,2067,1515,2024,1258,2094,2435,3030,2136,1993,1968
포즈_726,1961,1214,2610,2417,1933,1967,2955,1301,1287,1888,2084,2118,2106,1514,2023,1269,2093,2435,3028,2135,1990,1967
포즈_727,1955,1210,2629,2537,1903,1962,2958,1285,1158,1878,2088,2118,2106,1513,2021,1285,2091,2436,3025,2135,1988,1966
포즈_728,2024,1236,2691,2516,2001,2044,2867,1258,1151,1987,1993,2112,2000,1514,1208,1932,2094,2436,3023,2134,1985,1965
포즈_729,2023,1069,2804,2464,2023,2048,3060,1156,1236,2013,2014,2119,2022,1515,1212,1933,2098,2436,3020,2133,1983,1964
포즈_730,1883,1339,2425,2511,1882,1997,3277,847,1030,1785,2181,2120,2067,1515,2024,1259,2094,2436,3025,2135,1993,1968
포즈_731,2007,1365,2414,2520,2008,1970,2771,1526,1176,1929,2085,2123,2100,1514,2022,1271,2092,2436,3020,2134,1995,1968
포즈_732,2006,1232,2628,2477,1991,2032,2926,1305,1232,1982,2084,2115,2071,1515,2021,1288,2091,2436,3018,2133,1993,1967
