2144,1313,2452,2405,2188,2082,2745,1697,1468,2055,1921,2116,2058,1649,1030,1965,2102,2436,3078,2144,1984,1965
2094,1434,2187,2208,2085,2012,2741,1745,1521,1950,1932,2123,2026,1651,1042,1969,2109,2435,3071,2144,1978,1963
2094,1434,2187,2208,2085,2012,2741,1745,1521,1950,1932,2123,2026,1651,1042,1969,2109,2435,3071,2144,1978,1963
2095,1426,2193,2216,2084,2014,2757,1448,1227,1972,1935,2112,2029,1651,1045,1971,2110,2435,3069,2146,1978,1962
2072,1368,2237,2219,2051,2076,2750,1716,1464,2043,2048,2113,2060,1647,1022,1964,2100,2437,3085,2145,1987,1965
2072,1368,2237,2219,2051,2076,2750,1716,1464,2043,2048,2113,2060,1647,1022,1964,2100,2437,3085,2145,1987,1965

0.02	Smooth
0.05	Smooth
0.02	Smooth
0.03	Smooth
0.02	Smooth
0.2	Smooth